{"business_id":"1SWheh84yJXfytovILXOAQ","name":"Arizona Biltmore Golf Club","address":"2818 E Camino Acequia Drive","city":"Phoenix","state":"AZ","postal_code":"85016","latitude":33.5221425,"longitude":-112.0184807,"stars":3.0,"review_count":5,"is_open":0,"attributes":{"GoodForKids":"False"},"categories":"Golf, Active Life","hours":null}
{"business_id":"QXAEGFB4oINsVuTFxEYKFQ","name":"Emerald Chinese Restaurant","address":"30 Eglinton Avenue W","city":"Mississauga","state":"ON","postal_code":"L5R 3E7","latitude":43.6054989743,"longitude":-79.652288909,"stars":2.5,"review_count":128,"is_open":1,"attributes":{"RestaurantsReservations":"True","GoodForMeal":"{'dessert': False, 'latenight': False, 'lunch': True, 'dinner': True, 'brunch': False, 'breakfast': False}","BusinessParking":"{'garage': False, 'street': False, 'validated': False, 'lot': True, 'valet': False}","Caters":"True","NoiseLevel":"u'loud'","RestaurantsTableService":"True","RestaurantsTakeOut":"True","RestaurantsPriceRange2":"2","OutdoorSeating":"False","BikeParking":"False","Ambience":"{'romantic': False, 'intimate': False, 'classy': False, 'hipster': False, 'divey': False, 'touristy': False, 'trendy': False, 'upscale': False, 'casual': True}","HasTV":"False","WiFi":"u'no'","GoodForKids":"True","Alcohol":"u'full_bar'","RestaurantsAttire":"u'casual'","RestaurantsGoodForGroups":"True","RestaurantsDelivery":"False"},"categories":"Specialty Food, Restaurants, Dim Sum, Imported Food, Food, Chinese, Ethnic Food, Seafood","hours":{"Monday":"9:0-0:0","Tuesday":"9:0-0:0","Wednesday":"9:0-0:0","Thursday":"9:0-0:0","Friday":"9:0-1:0","Saturday":"9:0-1:0","Sunday":"9:0-0:0"}}
{"business_id":"gnKjwL_1w79qoiV3IC_xQQ","name":"Musashi Japanese Restaurant","address":"10110 Johnston Rd, Ste 15","city":"Charlotte","state":"NC","postal_code":"28210","latitude":35.092564,"longitude":-80.859132,"stars":4.0,"review_count":170,"is_open":1,"attributes":{"GoodForKids":"True","NoiseLevel":"u'average'","RestaurantsDelivery":"False","GoodForMeal":"{'dessert': False, 'latenight': False, 'lunch': True, 'dinner': True, 'brunch': False, 'breakfast': False}","Alcohol":"u'beer_and_wine'","Caters":"False","WiFi":"u'no'","RestaurantsTakeOut":"True","BusinessAcceptsCreditCards":"True","Ambience":"{'romantic': False, 'intimate': False, 'touristy': False, 'hipster': False, 'divey': False, 'classy': False, 'trendy': False, 'upscale': False, 'casual': True}","BusinessParking":"{'garage': False, 'street': False, 'validated': False, 'lot': True, 'valet': False}","RestaurantsTableService":"True","RestaurantsGoodForGroups":"True","OutdoorSeating":"False","HasTV":"True","BikeParking":"True","RestaurantsReservations":"True","RestaurantsPriceRange2":"2","RestaurantsAttire":"'casual'"},"categories":"Sushi Bars, Restaurants, Japanese","hours":{"Monday":"17:30-21:30","Wednesday":"17:30-21:30","Thursday":"17:30-21:30","Friday":"17:30-22:0","Saturday":"17:30-22:0","Sunday":"17:30-21:0"}}
{"business_id":"xvX2CttrVhyG2z1dFg_0xw","name":"Farmers Insurance - Paul Lorenz","address":"15655 W Roosevelt St, Ste 237","city":"Goodyear","state":"AZ","postal_code":"85338","latitude":33.4556129678,"longitude":-112.3955963552,"stars":5.0,"review_count":3,"is_open":1,"attributes":null,"categories":"Insurance, Financial Services","hours":{"Monday":"8:0-17:0","Tuesday":"8:0-17:0","Wednesday":"8:0-17:0","Thursday":"8:0-17:0","Friday":"8:0-17:0"}}
{"business_id":"HhyxOkGAM07SRYtlQ4wMFQ","name":"Queen City Plumbing","address":"4209 Stuart Andrew Blvd, Ste F","city":"Charlotte","state":"NC","postal_code":"28217","latitude":35.1900119,"longitude":-80.8872232,"stars":4.0,"review_count":4,"is_open":1,"attributes":{"BusinessAcceptsBitcoin":"False","ByAppointmentOnly":"True","BusinessAcceptsCreditCards":"True"},"categories":"Plumbing, Shopping, Local Services, Home Services, Kitchen & Bath, Home & Garden, Water Heater Installation\/Repair","hours":{"Monday":"7:0-23:0","Tuesday":"7:0-23:0","Wednesday":"7:0-23:0","Thursday":"7:0-23:0","Friday":"7:0-23:0","Saturday":"7:0-23:0","Sunday":"7:0-23:0"}}
{"business_id":"68dUKd8_8liJ7in4aWOSEA","name":"The UPS Store","address":"Credit Valley Town Plaza, F2 - 6045 Creditview Rd","city":"Mississauga","state":"ON","postal_code":"L5V 0B1","latitude":43.5994753,"longitude":-79.7115835,"stars":2.5,"review_count":3,"is_open":1,"attributes":{"BusinessParking":"{'garage': False, 'street': False, 'validated': False, 'lot': False, 'valet': False}","RestaurantsPriceRange2":"2"},"categories":"Shipping Centers, Couriers & Delivery Services, Local Services, Printing Services","hours":{"Monday":"9:0-19:0","Tuesday":"9:0-20:0","Wednesday":"9:0-20:0","Thursday":"9:0-20:0","Friday":"9:0-19:0","Saturday":"10:0-16:0"}}
{"business_id":"5JucpCfHZltJh5r1JabjDg","name":"Edgeworxx Studio","address":"20 Douglas Woods Drive Southeast","city":"Calgary","state":"AB","postal_code":"T2Z 1K4","latitude":50.9436456,"longitude":-114.0018283,"stars":3.5,"review_count":7,"is_open":1,"attributes":{"RestaurantsPriceRange2":"2","BusinessParking":"{'garage': False, 'street': False, 'validated': False, 'lot': True, 'valet': False}","ByAppointmentOnly":"True"},"categories":"Beauty & Spas, Hair Salons","hours":null}
{"business_id":"gbQN7vr_caG_A1ugSmGhWg","name":"Supercuts","address":"4545 E Tropicana Rd Ste 8, Tropicana","city":"Las Vegas","state":"NV","postal_code":"89121","latitude":36.099872,"longitude":-115.074574,"stars":3.5,"review_count":3,"is_open":1,"attributes":{"RestaurantsPriceRange2":"3","GoodForKids":"True","BusinessAcceptsCreditCards":"True","ByAppointmentOnly":"False","BikeParking":"False"},"categories":"Hair Salons, Hair Stylists, Barbers, Men's Hair Salons, Cosmetics & Beauty Supply, Shopping, Beauty & Spas","hours":{"Monday":"10:0-19:0","Tuesday":"10:0-19:0","Wednesday":"10:0-19:0","Thursday":"10:0-19:0","Friday":"10:0-19:0","Saturday":"10:0-19:0","Sunday":"10:0-18:0"}}
{"business_id":"Y6iyemLX_oylRpnr38vgMA","name":"Vita Bella Fine Day Spa","address":"5940 W Union Hills Dr","city":"Glendale","state":"AZ","postal_code":"85308","latitude":33.6548146,"longitude":-112.1885676,"stars":5.0,"review_count":8,"is_open":0,"attributes":{"RestaurantsPriceRange2":"2","ByAppointmentOnly":"True","BusinessParking":"{'garage': False, 'street': False, 'validated': False, 'lot': True, 'valet': False}","BusinessAcceptsCreditCards":"True","BikeParking":"False"},"categories":"Nail Salons, Beauty & Spas, Day Spas","hours":{"Tuesday":"12:0-18:0","Wednesday":"10:0-18:0","Thursday":"12:0-18:0","Friday":"10:0-17:0","Saturday":"10:0-14:0"}}
{"business_id":"4GBVPIYRvzGh4K4TkRQ_rw","name":"Options Salon & Spa","address":"21689 Lorain Rd","city":"Fairview Park","state":"OH","postal_code":"44126","latitude":41.4408252653,"longitude":-81.8540965503,"stars":4.5,"review_count":8,"is_open":1,"attributes":{"ByAppointmentOnly":"False","BusinessAcceptsCreditCards":"True","RestaurantsPriceRange2":"2","BusinessParking":"{'garage': False, 'street': False, 'validated': False, 'lot': True, 'valet': False}","AcceptsInsurance":"False"},"categories":"Beauty & Spas, Nail Salons, Day Spas, Massage","hours":{"Tuesday":"9:0-21:0","Wednesday":"9:0-21:0","Thursday":"9:0-21:0","Friday":"9:0-19:0","Saturday":"9:0-16:0"}}
{"business_id":"fcXOEZdXYeZqnQ3lGlOXmg","name":"Nucleus Information Service","address":"1210 8th Street SW, Unit 220","city":"Calgary","state":"AB","postal_code":"T2R 1L3","latitude":51.041771,"longitude":-114.081109,"stars":2.0,"review_count":5,"is_open":1,"attributes":{"BikeParking":"False","ByAppointmentOnly":"False","BusinessParking":"{'garage': False, 'street': True, 'validated': False, 'lot': False, 'valet': False}","RestaurantsPriceRange2":"1"},"categories":"Local Services, Professional Services, Computers, Shopping, Home Services, IT Services & Computer Repair, Internet Service Providers, Web Design","hours":{"Monday":"9:0-17:0","Tuesday":"9:0-17:0","Wednesday":"9:0-17:0","Thursday":"9:0-17:0","Friday":"9:0-17:0"}}
{"business_id":"1Dfx3zM-rW4n-31KeC8sJg","name":"Taco Bell","address":"2450 E Indian School Rd","city":"Phoenix","state":"AZ","postal_code":"85016","latitude":33.4951941,"longitude":-112.0285876,"stars":3.0,"review_count":18,"is_open":1,"attributes":{"RestaurantsTakeOut":"True","BusinessParking":"{'garage': False, 'street': False, 'validated': False, 'lot': False, 'valet': False}","WiFi":"u'no'","RestaurantsDelivery":"False","OutdoorSeating":"False","RestaurantsAttire":"u'casual'","BusinessAcceptsCreditCards":"True","RestaurantsGoodForGroups":"True","RestaurantsReservations":"False","HasTV":"False","Ambience":"{'romantic': False, 'intimate': False, 'touristy': False, 'hipster': False, 'divey': False, 'classy': False, 'trendy': False, 'upscale': False, 'casual': False}","Alcohol":"u'none'","RestaurantsPriceRange2":"1","GoodForKids":"True"},"categories":"Restaurants, Breakfast & Brunch, Mexican, Tacos, Tex-Mex, Fast Food","hours":{"Monday":"7:0-0:0","Tuesday":"7:0-0:0","Wednesday":"7:0-0:0","Thursday":"7:0-1:0","Friday":"7:0-1:0","Saturday":"7:0-1:0","Sunday":"7:0-0:0"}}
{"business_id":"5t3KVdMnFgAYmSl1wYLhmA","name":"The Kilted Buffalo Langtree","address":"119 Landings Dr, Ste 101","city":"Mooresville","state":"NC","postal_code":"28117","latitude":35.5274098057,"longitude":-80.8680032061,"stars":3.5,"review_count":9,"is_open":1,"attributes":{"BusinessParking":"{'garage': False, 'street': False, 'validated': False, 'lot': False, 'valet': False}","Ambience":"{'touristy': False, 'hipster': False, 'romantic': False, 'divey': False, 'intimate': False, 'trendy': False, 'upscale': False, 'classy': False, 'casual': False}","Music":"{'dj': False, 'background_music': False, 'no_music': False, 'jukebox': False, 'live': False, 'video': False, 'karaoke': False}","BikeParking":"True","OutdoorSeating":"True","GoodForKids":"False","NoiseLevel":"'average'","RestaurantsGoodForGroups":"True","GoodForDancing":"True","CoatCheck":"False","WiFi":"'free'","RestaurantsPriceRange2":"1","HappyHour":"True","Alcohol":"'beer_and_wine'","ByAppointmentOnly":"False","HasTV":"True","RestaurantsReservations":"True","BusinessAcceptsCreditCards":"True","BestNights":"{'monday': False, 'tuesday': False, 'friday': False, 'wednesday': False, 'thursday': True, 'sunday': False, 'saturday': True}"},"categories":"Bars, Nightlife, Pubs, Barbers, Beauty & Spas, Irish Pub","hours":{"Monday":"10:0-1:0","Tuesday":"10:0-1:0","Wednesday":"10:0-1:0","Thursday":"10:0-1:0","Friday":"10:0-1:0","Saturday":"10:0-1:0","Sunday":"12:0-1:0"}}
{"business_id":"fweCYi8FmbJXHCqLnwuk8w","name":"Marco's Pizza","address":"5981 Andrews Rd","city":"Mentor-on-the-Lake","state":"OH","postal_code":"44060","latitude":41.70852,"longitude":-81.359556,"stars":4.0,"review_count":16,"is_open":1,"attributes":{"RestaurantsPriceRange2":"2","BusinessAcceptsCreditCards":"True","GoodForKids":"True","RestaurantsDelivery":"True","Alcohol":"u'none'","OutdoorSeating":"False","RestaurantsGoodForGroups":"True","RestaurantsTakeOut":"True","RestaurantsReservations":"False","BikeParking":"True","RestaurantsAttire":"u'casual'","Ambience":"None","BusinessParking":"None"},"categories":"Italian, Restaurants, Pizza, Chicken Wings","hours":{"Monday":"10:0-0:0","Tuesday":"10:0-0:0","Wednesday":"10:0-0:0","Thursday":"10:0-0:0","Friday":"10:0-1:0","Saturday":"10:0-1:0","Sunday":"10:0-0:0"}}
{"business_id":"-K4gAv8_vjx8-2BxkVeRkA","name":"Baby Cakes","address":"4145 Erie St","city":"Willoughby","state":"OH","postal_code":"44094","latitude":41.6398599,"longitude":-81.4063963,"stars":3.0,"review_count":7,"is_open":1,"attributes":{"RestaurantsTakeOut":"True","BusinessParking":"{'garage': False, 'street': False, 'validated': False, 'lot': False, 'valet': False}","RestaurantsPriceRange2":"1","BusinessAcceptsCreditCards":"True","RestaurantsDelivery":"False"},"categories":"Bakeries, Food","hours":{"Tuesday":"11:0-17:0","Wednesday":"11:0-17:0","Thursday":"11:0-20:0","Friday":"11:0-17:0","Saturday":"10:0-17:0"}}
{"business_id":"A98xW4qb7vOTguggHFs7Ng","name":"Hot Yoga Wellness","address":"1455 16th Avenue","city":"Richmond Hill","state":"ON","postal_code":"L4B 3G6","latitude":43.861502576,"longitude":-79.3884991854,"stars":4.0,"review_count":4,"is_open":1,"attributes":{"ByAppointmentOnly":"False","BikeParking":"True","WheelchairAccessible":"False","BusinessParking":"{'garage': False, 'street': False, 'validated': False, 'lot': True, 'valet': False}","DogsAllowed":"False"},"categories":"Fitness & Instruction, Active Life, Yoga","hours":{"Monday":"16:0-23:0","Tuesday":"16:0-23:0","Wednesday":"16:0-23:0","Thursday":"16:0-23:0","Friday":"16:0-21:30","Saturday":"15:30-17:30","Sunday":"17:30-19:45"}}
{"business_id":"giC3pVVFxCRR89rApqklyw","name":"Knot Salon","address":"4848 E Cactus Rd, Ste 100","city":"Scottsdale","state":"AZ","postal_code":"85254","latitude":33.600071,"longitude":-111.977371,"stars":5.0,"review_count":5,"is_open":1,"attributes":{"BusinessAcceptsCreditCards":"True","BusinessParking":"{'garage': False, 'street': False, 'validated': False, 'lot': False, 'valet': False}","GoodForKids":"True","RestaurantsPriceRange2":"2","ByAppointmentOnly":"True"},"categories":"Hair Stylists, Beauty & Spas, Hair Salons, Men's Hair Salons","hours":{"Monday":"0:0-0:0","Tuesday":"9:0-19:0","Wednesday":"9:0-17:0","Thursday":"9:0-19:0","Friday":"8:0-17:0","Saturday":"8:0-17:0"}}
{"business_id":"PZ-LZzSlhSe9utkQYU8pFg","name":"Carluccio's Tivoli Gardens","address":"1775 E Tropicana Ave, Ste 29","city":"Las Vegas","state":"NV","postal_code":"89119","latitude":36.1000163,"longitude":-115.1285285,"stars":4.0,"review_count":40,"is_open":0,"attributes":{"OutdoorSeating":"False","BusinessAcceptsCreditCards":"True","RestaurantsDelivery":"False","RestaurantsReservations":"True","RestaurantsAttire":"'casual'","Ambience":"{'romantic': True, 'intimate': False, 'touristy': False, 'hipster': False, 'divey': False, 'classy': True, 'trendy': False, 'upscale': False, 'casual': False}","HasTV":"False","BYOBCorkage":"'no'","NoiseLevel":"u'quiet'","RestaurantsTakeOut":"True","RestaurantsPriceRange2":"2","RestaurantsGoodForGroups":"True","WiFi":"u'no'","Caters":"True","GoodForKids":"True","Alcohol":"u'full_bar'","BusinessParking":"{'garage': False, 'street': False, 'validated': False, 'lot': True, 'valet': False}"},"categories":"Restaurants, Italian","hours":null}
{"business_id":"nh_kQ16QAoXWwqZ05MPfBQ","name":"Myron Hensel Photography","address":"","city":"Las Vegas","state":"NV","postal_code":"89121","latitude":36.1165487,"longitude":-115.0881146,"stars":5.0,"review_count":21,"is_open":1,"attributes":{"BusinessAcceptsCreditCards":"True"},"categories":"Event Planning & Services, Photographers, Professional Services","hours":{"Monday":"0:0-0:0","Tuesday":"0:0-0:0","Wednesday":"0:0-0:0","Thursday":"0:0-0:0","Friday":"0:0-0:0","Saturday":"0:0-0:0","Sunday":"0:0-0:0"}}
{"business_id":"zSpQmEBvRe3IhTUlMSA6HQ","name":"Totum Life Science","address":"445 King Street W, Suite 101","city":"Toronto","state":"ON","postal_code":"M5V 1K4","latitude":43.6450415,"longitude":-79.3957986,"stars":4.0,"review_count":23,"is_open":1,"attributes":{"AcceptsInsurance":"True","ByAppointmentOnly":"False","GoodForKids":"False","WheelchairAccessible":"False"},"categories":"Trainers, Health & Medical, Active Life, Physical Therapy, Gyms, Fitness & Instruction","hours":{"Monday":"6:0-22:0","Tuesday":"6:0-22:0","Wednesday":"6:0-22:0","Thursday":"6:0-22:0","Friday":"6:0-22:0","Saturday":"8:0-18:0","Sunday":"9:0-18:0"}}
{"business_id":"dFMxzHygTy6F873843dHAA","name":"Fremont Arcade","address":"450 Fremont St, Ste 179","city":"Las Vegas","state":"NV","postal_code":"89101","latitude":36.169993,"longitude":-115.140685,"stars":4.5,"review_count":38,"is_open":1,"attributes":{"GoodForKids":"True"},"categories":"Arcades, Arts & Entertainment","hours":{"Monday":"11:0-0:0","Tuesday":"11:0-0:0","Wednesday":"11:0-0:0","Thursday":"11:0-0:0","Friday":"11:0-1:0","Saturday":"11:0-1:0","Sunday":"11:0-0:0"}}
{"business_id":"lxnuq9wJiwLOPJ4uZU2ljg","name":"Las Vegas Motorcars","address":"3650 N 5th, Ste 100","city":"North Las Vegas","state":"NV","postal_code":"89032","latitude":36.2258515,"longitude":-115.1328004,"stars":3.5,"review_count":3,"is_open":1,"attributes":{"BusinessAcceptsCreditCards":"True"},"categories":"Automotive, Car Dealers","hours":{"Monday":"9:0-18:0","Tuesday":"9:0-18:0","Wednesday":"9:0-18:0","Thursday":"9:0-18:0","Friday":"9:0-18:0","Saturday":"10:0-17:0"}}
{"business_id":"KWywu2tTEPWmR9JnBc0WyQ","name":"Hunk Mansion","address":"6007 Dean Martin Dr","city":"Las Vegas","state":"NV","postal_code":"89118","latitude":36.0801679,"longitude":-115.1827558,"stars":4.0,"review_count":107,"is_open":1,"attributes":{"BikeParking":"False","Ambience":"{'romantic': False, 'intimate': True, 'classy': False, 'hipster': False, 'divey': False, 'touristy': False, 'trendy': False, 'upscale': False, 'casual': False}","RestaurantsPriceRange2":"2","HasTV":"True","Music":"{'dj': True, 'background_music': False, 'no_music': False, 'jukebox': False, 'live': False, 'video': False, 'karaoke': False}","RestaurantsGoodForGroups":"True","OutdoorSeating":"True","RestaurantsReservations":"True","BusinessParking":"{'garage': False, 'street': False, 'validated': False, 'lot': True, 'valet': True}","GoodForKids":"False","Alcohol":"u'full_bar'","NoiseLevel":"'loud'","BusinessAcceptsCreditCards":"True","GoodForDancing":"True"},"categories":"Nightlife, Arts & Entertainment, Bars, Strip Clubs, Adult Entertainment, Dance Clubs","hours":{"Thursday":"19:30-2:0","Friday":"19:30-3:0","Saturday":"19:30-3:0","Sunday":"19:30-2:0"}}
{"business_id":"1RHY4K3BD22FK7Cfftn8Mg","name":"Marathon Diner","address":"Center Core - Food Court, Fl 3, Pittsburgh International Airport","city":"Pittsburgh","state":"PA","postal_code":"15231","latitude":40.4961769456,"longitude":-80.2460112364,"stars":4.0,"review_count":35,"is_open":1,"attributes":{"RestaurantsTakeOut":"True","BusinessParking":"{'garage': False, 'street': False, 'validated': False, 'lot': False, 'valet': False}","Ambience":"{'touristy': False, 'hipster': False, 'romantic': False, 'divey': False, 'intimate': False, 'trendy': False, 'upscale': False, 'classy': False, 'casual': False}","RestaurantsDelivery":"False","RestaurantsReservations":"False","BusinessAcceptsCreditCards":"True","RestaurantsPriceRange2":"1","RestaurantsGoodForGroups":"True","DriveThru":"False","GoodForKids":"True","GoodForMeal":"{'dessert': False, 'latenight': False, 'lunch': False, 'dinner': False, 'brunch': False, 'breakfast': False}","HasTV":"False","OutdoorSeating":"False"},"categories":"Sandwiches, Salad, Restaurants, Burgers, Comfort Food","hours":null}
{"business_id":"BsMdebN4nZySpGTfXr-7yg","name":"Maurices","address":"7981 W Tropical Pkwy, Ste 120","city":"Las Vegas","state":"NV","postal_code":"89149","latitude":36.2715455,"longitude":-115.2644839,"stars":5.0,"review_count":4,"is_open":1,"attributes":{"BusinessAcceptsCreditCards":"True","BusinessParking":"{'garage': False, 'street': False, 'validated': False, 'lot': False, 'valet': False}","RestaurantsPriceRange2":"2","BikeParking":"True"},"categories":"Women's Clothing, Shopping, Accessories, Fashion, Shoe Stores","hours":{"Monday":"10:0-20:0","Tuesday":"10:0-20:0","Wednesday":"10:0-20:0","Thursday":"10:0-20:0","Friday":"10:0-20:0","Saturday":"10:0-20:0","Sunday":"11:0-18:0"}}
{"business_id":"tstimHoMcYbkSC4eBA1wEg","name":"Maria's Mexican Restaurant & Bakery","address":"6055 E Lake Mead Blvd","city":"Las Vegas","state":"NV","postal_code":"89156","latitude":36.1956146,"longitude":-115.0405289,"stars":4.5,"review_count":184,"is_open":1,"attributes":{"BikeParking":"True","BusinessParking":"{'garage': False, 'street': False, 'validated': False, 'lot': True, 'valet': False}","BusinessAcceptsCreditCards":"True","GoodForKids":"True","HappyHour":"False","Alcohol":"u'beer_and_wine'","GoodForMeal":"{'dessert': False, 'latenight': False, 'lunch': True, 'dinner': True, 'brunch': False, 'breakfast': False}","OutdoorSeating":"False","WiFi":"u'no'","RestaurantsAttire":"u'casual'","Caters":"False","RestaurantsReservations":"False","RestaurantsTakeOut":"True","RestaurantsDelivery":"False","Ambience":"{'romantic': False, 'intimate': False, 'classy': False, 'hipster': False, 'divey': False, 'touristy': False, 'trendy': False, 'upscale': False, 'casual': True}","RestaurantsGoodForGroups":"True","NoiseLevel":"'average'","HasTV":"True","RestaurantsPriceRange2":"1"},"categories":"Mexican, Restaurants, Patisserie\/Cake Shop, Food, Bars, Nightlife","hours":{"Monday":"11:0-21:0","Tuesday":"10:0-21:0","Wednesday":"10:0-21:0","Thursday":"10:0-21:0","Friday":"10:0-21:0","Saturday":"10:0-21:0","Sunday":"10:0-20:0"}}
{"business_id":"C9oCPomVP0mtKa8z99E3gg","name":"Bakery Gateau","address":"865 York Mills Road, Unit 1","city":"Toronto","state":"ON","postal_code":"M3B 1Y6","latitude":43.7540931,"longitude":-79.3495479,"stars":4.5,"review_count":8,"is_open":1,"attributes":{"RestaurantsDelivery":"False","RestaurantsPriceRange2":"2","RestaurantsTakeOut":"True","BikeParking":"True","BusinessParking":"{'garage': False, 'street': False, 'validated': False, 'lot': False, 'valet': False}"},"categories":"Bakeries, Food","hours":{"Monday":"9:0-20:0","Tuesday":"9:0-20:0","Wednesday":"9:0-20:0","Thursday":"9:0-20:0","Friday":"9:0-20:0","Saturday":"9:0-20:0","Sunday":"9:0-20:0"}}
{"business_id":"C9keC4mWuXdl2mYFHZXudQ","name":"Uncle Otis Clothing","address":"26 Bellair St","city":"Toronto","state":"ON","postal_code":"M5R 2C7","latitude":43.6707435,"longitude":-79.3913851,"stars":5.0,"review_count":12,"is_open":1,"attributes":{"RestaurantsPriceRange2":"3","BusinessParking":"{'garage': False, 'street': True, 'validated': False, 'lot': False, 'valet': False}"},"categories":"Fashion, Sporting Goods, Men's Clothing, Shopping, Sports Wear","hours":{"Monday":"11:30-19:0","Tuesday":"11:30-19:0","Wednesday":"11:30-19:0","Thursday":"11:30-19:0","Friday":"11:30-19:0","Saturday":"11:30-18:0","Sunday":"12:0-17:0"}}
{"business_id":"iojTeSaoPuxm4WeCzDUA6w","name":"AW Collision","address":"3325 W Desert Inn Rd, Ste 101","city":"Las Vegas","state":"NV","postal_code":"89102","latitude":36.129424,"longitude":-115.184443,"stars":4.5,"review_count":52,"is_open":1,"attributes":{"BusinessAcceptsCreditCards":"True"},"categories":"Car Rental, Windshield Installation & Repair, Auto Detailing, Hotels & Travel, Automotive, Towing, Body Shops","hours":{"Monday":"0:0-0:0","Tuesday":"8:0-18:0","Wednesday":"8:0-18:0","Thursday":"8:0-18:0","Friday":"8:0-18:0","Saturday":"10:0-14:0"}}
{"business_id":"NDuUMJfrWk52RA-H-OtrpA","name":"Bolt Fresh Bar","address":"1170 Queen Street W","city":"Toronto","state":"ON","postal_code":"M6J 1J5","latitude":43.6428886,"longitude":-79.4254291,"stars":3.0,"review_count":57,"is_open":1,"attributes":{"WiFi":"u'no'","BikeParking":"True","RestaurantsPriceRange2":"2","BusinessParking":"{'garage': False, 'street': True, 'validated': False, 'lot': False, 'valet': False}","RestaurantsTakeOut":"True","Caters":"False"},"categories":"Juice Bars & Smoothies, Food, Restaurants, Fast Food, Vegan","hours":{"Monday":"8:0-21:0","Tuesday":"8:0-21:0","Wednesday":"8:0-21:0","Thursday":"8:0-21:0","Friday":"8:0-21:0","Saturday":"9:0-21:0","Sunday":"9:0-21:0"}}
{"business_id":"LB6ZyCfUzeX9OLdunHhnOQ","name":"Ross Dress for Less","address":"8800 W Charleston Blvd","city":"Las Vegas","state":"NV","postal_code":"89117","latitude":36.161805,"longitude":-115.2872775,"stars":3.5,"review_count":38,"is_open":1,"attributes":{"BusinessAcceptsCreditCards":"True","RestaurantsPriceRange2":"1","BikeParking":"True","BusinessParking":"{'garage': False, 'street': False, 'validated': False, 'lot': True, 'valet': False}"},"categories":"Shopping, Home & Garden, Department Stores, Men's Clothing, Fashion, Women's Clothing, Discount Store, Home Decor","hours":{"Monday":"9:0-23:0","Tuesday":"9:0-23:0","Wednesday":"9:0-23:0","Thursday":"9:0-23:0","Friday":"8:30-23:30","Saturday":"8:30-23:30","Sunday":"9:0-22:30"}}
{"business_id":"mNBp4KI2goFJKDB9VLGP9w","name":"JSE Automotive Services","address":"6875 N 21st Ave, Ste 118","city":"Phoenix","state":"AZ","postal_code":"85015","latitude":33.5380237,"longitude":-112.1032008,"stars":5.0,"review_count":4,"is_open":1,"attributes":null,"categories":"Automotive, Auto Repair","hours":null}
{"business_id":"SP_YXIEwkFPPl_9anCYmpQ","name":"The Steady Cafe & Bar","address":"1051 Bloor Street W","city":"Toronto","state":"ON","postal_code":"M6H 1M4","latitude":43.6604937,"longitude":-79.432099,"stars":3.5,"review_count":29,"is_open":0,"attributes":{"BusinessParking":"{'garage': False, 'street': True, 'validated': False, 'lot': False, 'valet': False}","RestaurantsReservations":"True","GoodForKids":"False","RestaurantsAttire":"u'casual'","Alcohol":"u'full_bar'","OutdoorSeating":"False","RestaurantsPriceRange2":"2","NoiseLevel":"u'average'","RestaurantsDelivery":"False","WiFi":"u'free'","RestaurantsTakeOut":"False","HasTV":"False","BikeParking":"True","Ambience":"{'romantic': False, 'intimate': False, 'classy': False, 'hipster': False, 'divey': False, 'touristy': False, 'trendy': False, 'upscale': False, 'casual': True}","RestaurantsGoodForGroups":"True","Caters":"True"},"categories":"Restaurants, Nightlife, Breakfast & Brunch, Vegan, Food, Tapas Bars, Bars, Southern, Coffee & Tea","hours":{"Tuesday":"9:0-18:0","Wednesday":"9:0-18:0","Thursday":"9:0-18:0","Friday":"9:0-2:0","Saturday":"10:0-2:0","Sunday":"10:0-15:0"}}
{"business_id":"irft4YkdNsww4DNf_Aftew","name":"So Cool Frozen Yogurt","address":"9020 B Albemarle Rd","city":"Charlotte","state":"NC","postal_code":"28227","latitude":35.21051,"longitude":-80.690262,"stars":4.5,"review_count":6,"is_open":0,"attributes":{"BusinessAcceptsCreditCards":"True","RestaurantsPriceRange2":"2","RestaurantsTakeOut":"True","BikeParking":"False","WiFi":"'free'","Caters":"False","BusinessParking":"{'garage': False, 'street': False, 'validated': False, 'lot': False, 'valet': False}"},"categories":"Juice Bars & Smoothies, Food, Ice Cream & Frozen Yogurt","hours":{"Monday":"11:30-20:30","Tuesday":"11:30-20:30","Thursday":"11:30-20:30","Friday":"11:30-21:0","Saturday":"11:30-21:0","Sunday":"11:30-21:0"}}
{"business_id":"HVPcIcqiJkrpD36xZFGN6g","name":"Bank of America","address":"3150 N Rainbow Blvd","city":"Las Vegas","state":"NV","postal_code":"89108","latitude":36.2166671,"longitude":-115.2420267,"stars":1.5,"review_count":19,"is_open":1,"attributes":{"BusinessAcceptsCreditCards":"True","ByAppointmentOnly":"False"},"categories":"Home Services, Real Estate, Financial Services, Banks & Credit Unions, Mortgage Brokers","hours":null}
{"business_id":"BvYU3jvGd0TJ7IyZdfiN2Q","name":"Manzetti's Tavern","address":"6401 Morrison Blvd","city":"Charlotte","state":"NC","postal_code":"28211","latitude":35.156338,"longitude":-80.831878,"stars":3.5,"review_count":16,"is_open":0,"attributes":{"Alcohol":"u'full_bar'","BusinessAcceptsCreditCards":"True","RestaurantsAttire":"u'casual'","RestaurantsTakeOut":"True","RestaurantsReservations":"True","GoodForKids":"False","RestaurantsGoodForGroups":"True","BusinessParking":"{'garage': False, 'street': False, 'validated': False, 'lot': True, 'valet': False}","OutdoorSeating":"False","RestaurantsDelivery":"False","RestaurantsPriceRange2":"2"},"categories":"Sandwiches, Italian, American (Traditional), American (New), Seafood, Steakhouses, Restaurants","hours":{"Monday":"11:0-22:0","Tuesday":"11:0-22:0","Wednesday":"11:0-23:0","Thursday":"11:0-23:0","Friday":"11:0-23:0","Saturday":"11:0-23:0","Sunday":"11:0-22:0"}}
{"business_id":"0_ohldeFwysbglrTLSGM4Q","name":"The Lounge Barber Shop","address":"15224 N 59th Ave","city":"Glendale","state":"AZ","postal_code":"85306","latitude":33.623871416,"longitude":-112.186448429,"stars":3.5,"review_count":6,"is_open":0,"attributes":{"ByAppointmentOnly":"False","RestaurantsPriceRange2":"2","BusinessAcceptsCreditCards":"False","BusinessParking":"{'garage': False, 'street': False, 'validated': False, 'lot': True, 'valet': False}"},"categories":"Beauty & Spas, Barbers","hours":{"Tuesday":"9:0-17:0","Wednesday":"9:0-17:0","Thursday":"9:0-17:0","Friday":"9:0-17:0","Saturday":"8:0-16:0"}}
{"business_id":"M9DM1ktbW-TB7nXu3Z4RDw","name":"Sonoma Village","address":"1318 S Vineyard","city":"Mesa","state":"AZ","postal_code":"85210","latitude":33.391002655,"longitude":-111.8436203003,"stars":2.5,"review_count":6,"is_open":1,"attributes":{"BusinessAcceptsCreditCards":"True","ByAppointmentOnly":"False"},"categories":"Home Services, Real Estate, Apartments, Hotels & Travel, Vacation Rentals","hours":{"Monday":"9:0-18:0","Tuesday":"9:0-18:0","Wednesday":"13:0-17:0","Thursday":"9:0-18:0","Friday":"9:0-18:0"}}
{"business_id":"n2kOsDur7tCLygSa87glJQ","name":"A Woman's Place","address":"2789 Sunridge Heights Pkwy, Ste 100","city":"Henderson","state":"NV","postal_code":"89052","latitude":35.9911594,"longitude":-115.1084553,"stars":2.5,"review_count":13,"is_open":0,"attributes":{"ByAppointmentOnly":"True"},"categories":"Medical Centers, Doctors, Obstetricians & Gynecologists, Health & Medical","hours":null}
{"business_id":"hgPhZoB3zdiRdlT9FETskw","name":"OzBraz","address":"560 E Germann Rd, Ste 107","city":"Gilbert","state":"AZ","postal_code":"85297","latitude":33.278251,"longitude":-111.77746,"stars":5.0,"review_count":12,"is_open":1,"attributes":{"BusinessAcceptsCreditCards":"True"},"categories":"Auto Glass Services, Auto Detailing, Automotive, Auto Parts & Supplies, Auto Customization, Vehicle Wraps","hours":{"Monday":"0:0-0:0","Tuesday":"7:0-18:0","Wednesday":"7:0-18:0","Thursday":"7:0-18:0","Friday":"7:0-18:0"}}
{"business_id":"-MsRvdPnuw6QuLn5Vxjruw","name":"Brian's Furniture","address":"30808 Center Ridge Rd","city":"Westlake","state":"OH","postal_code":"44145","latitude":41.4227938,"longitude":-81.9622151,"stars":5.0,"review_count":3,"is_open":1,"attributes":null,"categories":"Shopping, Home Services, Interior Design, Rugs, Furniture Stores, Home & Garden, Home Decor, Mattresses","hours":{"Monday":"11:0-20:0","Tuesday":"10:0-20:0","Wednesday":"10:0-20:0","Thursday":"10:0-18:0","Friday":"10:0-18:0","Saturday":"11:0-18:0","Sunday":"0:0-17:0"}}
{"business_id":"FDI2PkyJBWEVFZ0ndHFg2g","name":"Wesley Friedman - FBC Mortgage","address":"6775 Edmond St, Ste 210","city":"Las Vegas","state":"NV","postal_code":"89118","latitude":36.0664169,"longitude":-115.2125412,"stars":5.0,"review_count":6,"is_open":1,"attributes":{"BusinessAcceptsCreditCards":"False","ByAppointmentOnly":"True"},"categories":"Real Estate, Home Services, Mortgage Brokers, Real Estate Services","hours":{"Monday":"8:0-17:0","Tuesday":"8:0-17:0","Wednesday":"8:0-17:0","Thursday":"8:0-17:0","Friday":"8:0-17:0"}}
{"business_id":"Qwt9lOpplBAZ7JBrgAqI7g","name":"Pine Village Apartments","address":"3011 Arville St","city":"Las Vegas","state":"NV","postal_code":"89102","latitude":36.138452,"longitude":-115.198019,"stars":2.0,"review_count":5,"is_open":1,"attributes":null,"categories":"Home Services, Real Estate, Apartments","hours":null}
{"business_id":"NBn4hgfGtNz91k3VsDZlmw","name":"Three Square","address":"4190 N Pecos Rd","city":"Las Vegas","state":"NV","postal_code":"89115","latitude":36.2360535,"longitude":-115.0964542,"stars":5.0,"review_count":44,"is_open":1,"attributes":{"RestaurantsPriceRange2":"1","BusinessAcceptsCreditCards":"True","BusinessParking":"{'garage': False, 'street': False, 'validated': False, 'lot': True, 'valet': False}","GoodForKids":"True"},"categories":"Local Services, Food Banks, Community Service\/Non-Profit","hours":{"Monday":"0:0-0:0","Tuesday":"8:0-17:0","Wednesday":"8:0-17:0","Thursday":"8:0-17:0","Friday":"8:0-17:0","Saturday":"8:0-17:0","Sunday":"8:0-17:0"}}
{"business_id":"teknANRU8ZKnwdIHWYyd8Q","name":"Key To Healing Massage","address":"14202 N Scottsdale Rd","city":"Scottsdale","state":"AZ","postal_code":"85254","latitude":33.6168384583,"longitude":-111.9273103315,"stars":5.0,"review_count":10,"is_open":0,"attributes":{"ByAppointmentOnly":"False","BusinessAcceptsCreditCards":"True"},"categories":"Massage Therapy, Massage, Health & Medical, Beauty & Spas","hours":{"Tuesday":"10:0-18:0","Wednesday":"10:0-18:0","Thursday":"10:0-18:0","Friday":"10:0-18:0","Saturday":"10:0-16:0"}}
{"business_id":"e_EMySqP0uwlVZfd8mRaaQ","name":"Pearl Garden","address":"2825 32 Avenue NE","city":"Calgary","state":"AB","postal_code":"T1Y","latitude":51.0811622,"longitude":-113.9934738,"stars":2.0,"review_count":4,"is_open":0,"attributes":{"BusinessParking":"{'garage': False, 'street': False, 'validated': False, 'lot': False, 'valet': False}","RestaurantsGoodForGroups":"True","OutdoorSeating":"False","RestaurantsPriceRange2":"1","GoodForKids":"True","RestaurantsDelivery":"False","RestaurantsTakeOut":"True","RestaurantsAttire":"u'casual'"},"categories":"Chinese, Dim Sum, Restaurants","hours":null}
{"business_id":"-l45pZ9izx2mo5RzX2PwMw","name":"GiGi's Boutique Fine Consignment","address":"24 N Main St","city":"Belmont","state":"NC","postal_code":"28012","latitude":35.2430984,"longitude":-81.0374682,"stars":3.0,"review_count":5,"is_open":1,"attributes":null,"categories":"Children's Clothing, Accessories, Used, Vintage & Consignment, Fashion, Women's Clothing, Shopping","hours":{"Tuesday":"10:0-18:0","Wednesday":"10:0-18:0","Thursday":"10:0-18:0","Friday":"10:0-18:0","Saturday":"10:0-18:0"}}
{"business_id":"GWO87Y-IqL54_Ijx6hTYAQ","name":"Bruster's Real Ice Cream","address":"709 W Ray Rd","city":"Gilbert","state":"AZ","postal_code":"85233","latitude":33.3203855,"longitude":-111.8046523,"stars":4.5,"review_count":57,"is_open":0,"attributes":{"BusinessAcceptsCreditCards":"True","BikeParking":"True","RestaurantsPriceRange2":"2","Caters":"True","RestaurantsTakeOut":"False","WiFi":"'no'","WheelchairAccessible":"True","BusinessParking":"{'garage': False, 'street': False, 'validated': False, 'lot': False, 'valet': False}"},"categories":"Food, Desserts, Juice Bars & Smoothies, Ice Cream & Frozen Yogurt","hours":{"Monday":"12:0-21:0","Tuesday":"12:0-21:0","Wednesday":"12:0-21:0","Thursday":"12:0-21:0","Friday":"12:0-22:0","Saturday":"12:0-22:0","Sunday":"12:0-21:0"}}
{"business_id":"Jff5hTK1ZMLKS06sOSNWdA","name":"Radisson Hotel & Conference Centre Calgary Airport","address":"6620 36 Street NE","city":"Calgary","state":"AB","postal_code":"T3J 4C8","latitude":51.1118915249,"longitude":-113.9804801532,"stars":3.5,"review_count":14,"is_open":1,"attributes":{"RestaurantsPriceRange2":"2","WiFi":"'free'"},"categories":"Hotels & Travel, Hotels, Event Planning & Services","hours":null}
{"business_id":"5ws3QWQXUhqTeLd7IZsDww","name":"Stephen L Walker, DDS, MS","address":"2220 W Southern Ave, Ste 102, Endodontic Specialists Ltd","city":"Mesa","state":"AZ","postal_code":"85202","latitude":33.393546,"longitude":-111.8788899,"stars":5.0,"review_count":3,"is_open":1,"attributes":{"ByAppointmentOnly":"True"},"categories":"Health & Medical, Endodontists, Dentists","hours":{"Monday":"7:0-19:30","Tuesday":"7:0-19:30","Wednesday":"7:0-19:30","Thursday":"7:0-19:30","Friday":"7:0-19:30"}}
{"business_id":"mlHC2XcU9Bows6cnYEmRgg","name":"Mad Crush Wine Bar","address":"582 College Street","city":"Toronto","state":"ON","postal_code":"M6G 1B3","latitude":43.6554201,"longitude":-79.4133518,"stars":4.0,"review_count":9,"is_open":0,"attributes":{"Alcohol":"u'full_bar'","Caters":"False","Smoking":"u'no'","WheelchairAccessible":"True","DogsAllowed":"False","CoatCheck":"False","BusinessParking":"{'garage': False, 'street': True, 'validated': False, 'lot': False, 'valet': False}","RestaurantsTakeOut":"True","WiFi":"u'free'","RestaurantsTableService":"True","HasTV":"False","RestaurantsPriceRange2":"3","Ambience":"{'touristy': False, 'hipster': False, 'romantic': False, 'intimate': False, 'trendy': False, 'upscale': False, 'classy': False, 'casual': False}","HappyHour":"False","RestaurantsReservations":"True","BikeParking":"True","RestaurantsAttire":"'dressy'","Music":"{'dj': False, 'background_music': False, 'no_music': False, 'jukebox': False, 'live': False, 'video': False, 'karaoke': False}","OutdoorSeating":"True","BestNights":"{'monday': False, 'tuesday': False, 'friday': False, 'wednesday': False, 'thursday': False, 'sunday': True, 'saturday': False}","RestaurantsDelivery":"False","RestaurantsGoodForGroups":"True","GoodForMeal":"{'dessert': False, 'latenight': False, 'lunch': False, 'dinner': False, 'brunch': False, 'breakfast': False}","GoodForKids":"False"},"categories":"Restaurants, Breakfast & Brunch, Bars, Modern European, Nightlife, Wine Bars","hours":{"Thursday":"18:0-2:0","Friday":"18:0-2:0","Saturday":"18:0-2:0"}}
{"business_id":"Qnz3ywR7BosTr8qDk6G-Pw","name":"Mattress Firm Final Markdown","address":"13129 S Tryon St, Ste 120","city":"Charlotte","state":"NC","postal_code":"28278","latitude":35.1007253747,"longitude":-80.9920791686,"stars":5.0,"review_count":4,"is_open":1,"attributes":{"RestaurantsPriceRange2":"2","BikeParking":"False","BusinessAcceptsCreditCards":"True","BusinessParking":"{'garage': False, 'street': False, 'validated': False, 'lot': False, 'valet': False}"},"categories":"Home & Garden, Mattresses, Home Decor, Furniture Stores, Shopping","hours":{"Monday":"10:0-20:0","Tuesday":"10:0-20:0","Wednesday":"10:0-20:0","Thursday":"10:0-20:0","Friday":"10:0-20:0","Saturday":"10:0-20:0","Sunday":"12:0-18:0"}}
{"business_id":"viivlh_KJkiDVxhIdZnV8Q","name":"Club Red","address":"1306 W University Dr","city":"Mesa","state":"AZ","postal_code":"85201","latitude":33.4221642,"longitude":-111.859035,"stars":2.5,"review_count":64,"is_open":1,"attributes":{"BusinessAcceptsBitcoin":"False","Ambience":"{'romantic': False, 'intimate': False, 'classy': False, 'hipster': False, 'divey': True, 'touristy': False, 'trendy': False, 'upscale': False, 'casual': False}","AgesAllowed":"u'allages'","Alcohol":"u'full_bar'","Smoking":"u'outdoor'","GoodForKids":"False","HappyHour":"False","RestaurantsPriceRange2":"2","HasTV":"False","BusinessAcceptsCreditCards":"True","NoiseLevel":"'very_loud'","BusinessParking":"{'garage': False, 'street': False, 'validated': False, 'lot': True, 'valet': False}","BestNights":"{'monday': False, 'tuesday': False, 'friday': True, 'wednesday': False, 'thursday': False, 'sunday': False, 'saturday': False}","WheelchairAccessible":"True","RestaurantsGoodForGroups":"True","BikeParking":"True","CoatCheck":"False","Music":"{'dj': False, 'background_music': False, 'no_music': False, 'jukebox': False, 'live': True, 'video': False, 'karaoke': False}","OutdoorSeating":"False","GoodForDancing":"True"},"categories":"Arts & Entertainment, Dance Clubs, Nightlife, Music Venues","hours":null}
{"business_id":"q2KtxnPa6rPSpAlMbg9l8g","name":"Nothing Bundt Cakes","address":"17025 N Scottsdale Rd, Ste 110","city":"Scottsdale","state":"AZ","postal_code":"85255","latitude":33.6403078149,"longitude":-111.9245281399,"stars":4.0,"review_count":174,"is_open":1,"attributes":{"BikeParking":"True","BusinessParking":"{'garage': False, 'street': False, 'validated': False, 'lot': True, 'valet': False}","BusinessAcceptsCreditCards":"True","RestaurantsPriceRange2":"2","RestaurantsTakeOut":"True","RestaurantsDelivery":"False","Caters":"True"},"categories":"Desserts, Food, Cupcakes, Bakeries","hours":{"Monday":"9:0-18:0","Tuesday":"9:0-18:0","Wednesday":"9:0-18:0","Thursday":"9:0-18:0","Friday":"9:0-18:0","Saturday":"9:0-18:0","Sunday":"10:0-15:0"}}
{"business_id":"c-BELKj0SvNhBesQMf-bKw","name":"Circle K","address":"3101 W Northern Ave","city":"Phoenix","state":"AZ","postal_code":"85051","latitude":33.5528496,"longitude":-112.1259755,"stars":2.5,"review_count":3,"is_open":1,"attributes":{"BusinessAcceptsCreditCards":"True"},"categories":"Convenience Stores, Automotive, Food, Gas Stations, Grocery","hours":{"Monday":"0:0-0:0","Tuesday":"0:0-0:0","Wednesday":"0:0-0:0","Thursday":"0:0-0:0","Friday":"0:0-0:0","Saturday":"0:0-0:0","Sunday":"0:0-0:0"}}
{"business_id":"qWWBVE5T_zMEF7UJ4iTfNw","name":"DJ Yonish, Inc.","address":"3001 S Park Rd","city":"Bethel Park","state":"PA","postal_code":"15102","latitude":40.3268447,"longitude":-80.0421841,"stars":2.5,"review_count":3,"is_open":1,"attributes":{"ByAppointmentOnly":"True","BusinessAcceptsCreditCards":"True"},"categories":"Home Services, Heating & Air Conditioning\/HVAC","hours":null}
{"business_id":"YNvZdMLXa4q8e9tiE4ge4A","name":"Louis Stokes Cleveland VA Medical Center","address":"10701 E Blvd","city":"Cleveland","state":"OH","postal_code":"44106","latitude":41.5135543914,"longitude":-81.6137516499,"stars":3.5,"review_count":11,"is_open":1,"attributes":{"ByAppointmentOnly":"True","BusinessAcceptsCreditCards":"True"},"categories":"Health & Medical, Medical Centers","hours":null}
{"business_id":"cQ8FKduGfVskvi11NZXsAg","name":"Tomkins Park","address":"880 17 Avenue SW","city":"Calgary","state":"AB","postal_code":"T2T 0A2","latitude":51.0379943848,"longitude":-114.0813674927,"stars":3.5,"review_count":3,"is_open":1,"attributes":{"GoodForKids":"True","BusinessParking":"{'garage': False, 'street': False, 'validated': False, 'lot': False, 'valet': False}","BikeParking":"True"},"categories":"Parks, Active Life","hours":null}
{"business_id":"_J_x_RaYTqAqAuCwgRhnRQ","name":"Kabob House","address":"6432 E Independence Blvd","city":"Charlotte","state":"NC","postal_code":"28212","latitude":35.172028,"longitude":-80.746801,"stars":3.0,"review_count":15,"is_open":0,"attributes":{"OutdoorSeating":"True","RestaurantsAttire":"u'casual'","WiFi":"u'free'","BusinessParking":"{'garage': False, 'street': False, 'validated': True, 'lot': True, 'valet': False}","Ambience":"{'romantic': False, 'intimate': False, 'classy': False, 'hipster': False, 'divey': False, 'touristy': False, 'trendy': False, 'upscale': False, 'casual': False}","RestaurantsTakeOut":"True","GoodForKids":"False","BikeParking":"False","Caters":"True","RestaurantsPriceRange2":"2","RestaurantsReservations":"True","RestaurantsDelivery":"False","Alcohol":"u'full_bar'","RestaurantsGoodForGroups":"True","HasTV":"True","BusinessAcceptsBitcoin":"True","BusinessAcceptsCreditCards":"True"},"categories":"Coffee & Tea, Hookah Bars, Nightlife, Persian\/Iranian, Country Dance Halls, Middle Eastern, Beer, Wine & Spirits, Bars, Restaurants, Food, Lounges, Delis","hours":{"Tuesday":"17:30-0:0","Wednesday":"17:30-0:0","Thursday":"17:30-0:0","Friday":"12:30-2:0","Saturday":"12:30-2:0","Sunday":"12:30-21:30"}}
{"business_id":"0KlYc--jcw4EOYdPS8CDQg","name":"Cookie Cutters Haircuts for Kids","address":"14130 Rivergate Pkwy, Ste 200","city":"Charlotte","state":"NC","postal_code":"28273","latitude":35.1024898,"longitude":-80.9857691,"stars":4.0,"review_count":7,"is_open":1,"attributes":{"BikeParking":"False","BusinessAcceptsBitcoin":"False","GoodForKids":"True","RestaurantsPriceRange2":"2","HairSpecializesIn":"{'straightperms': False, 'coloring': False, 'extensions': False, 'africanamerican': False, 'curly': False, 'kids': True, 'perms': False, 'asian': False}","WheelchairAccessible":"True","BusinessParking":"{'garage': False, 'street': True, 'validated': False, 'lot': False, 'valet': False}","ByAppointmentOnly":"False","BusinessAcceptsCreditCards":"True"},"categories":"Beauty & Spas, Hair Salons, Kids Hair Salons","hours":{"Monday":"0:0-0:0","Tuesday":"10:0-19:0","Wednesday":"10:0-19:0","Thursday":"10:0-19:0","Friday":"10:0-19:0","Saturday":"9:0-17:0","Sunday":"11:0-16:0"}}
{"business_id":"KSoAqqpLSUHMzpMDf46DMg","name":"Jared Galleria of Jewelry","address":"25851 Brookpark Rd","city":"North Olmsted","state":"OH","postal_code":"44070","latitude":41.4183507,"longitude":-81.911148,"stars":1.5,"review_count":15,"is_open":1,"attributes":{"BusinessParking":"{'garage': False, 'street': False, 'validated': False, 'lot': True, 'valet': False}","ByAppointmentOnly":"False","BikeParking":"False","BusinessAcceptsCreditCards":"True","RestaurantsPriceRange2":"3"},"categories":"Shopping, Jewelry","hours":null}
{"business_id":"6l00a9Gkxkcp_y-GPjYBiw","name":"J's Fish & Chips","address":"17205 Leslie Street, Unit 2","city":"Newmarket","state":"ON","postal_code":"L3Y 8Y8","latitude":44.0587654,"longitude":-79.4291147,"stars":4.5,"review_count":12,"is_open":1,"attributes":{"RestaurantsAttire":"'casual'","RestaurantsDelivery":"False","Ambience":"{'touristy': False, 'hipster': False, 'romantic': False, 'intimate': False, 'trendy': False, 'upscale': False, 'classy': False, 'casual': True}","BikeParking":"True","RestaurantsGoodForGroups":"True","Caters":"True","RestaurantsPriceRange2":"2","RestaurantsTableService":"False","RestaurantsTakeOut":"True","HasTV":"True","OutdoorSeating":"False","GoodForMeal":"{'dessert': False, 'latenight': False, 'lunch': True, 'dinner': True, 'brunch': False, 'breakfast': False}","GoodForKids":"True","Alcohol":"u'none'","NoiseLevel":"u'quiet'","RestaurantsReservations":"True","BusinessParking":"{'garage': False, 'street': False, 'validated': False, 'lot': True, 'valet': False}"},"categories":"Fish & Chips, Restaurants","hours":null}
{"business_id":"xu29IdQ4J9o5bffgoONwSA","name":"The Estancia Club","address":"27998 N 99th Pl","city":"Scottsdale","state":"AZ","postal_code":"85262","latitude":33.737965,"longitude":-111.8651998,"stars":4.0,"review_count":4,"is_open":1,"attributes":{"BikeParking":"False","GoodForKids":"False"},"categories":"Active Life, Golf","hours":null}
{"business_id":"jtzU8hk78718cNWM_dMcDg","name":"Gap","address":"Northlake Mall, 6801 Northlake Mall Drive","city":"Charlotte","state":"NC","postal_code":"28216","latitude":35.3521284,"longitude":-80.8512352,"stars":3.5,"review_count":3,"is_open":0,"attributes":{"RestaurantsPriceRange2":"2","BusinessAcceptsCreditCards":"True","BusinessParking":"{'garage': False, 'street': False, 'validated': False, 'lot': False, 'valet': False}"},"categories":"Men's Clothing, Sporting Goods, Shopping, Fashion, Women's Clothing, Sports Wear","hours":{"Monday":"10:0-21:0","Tuesday":"10:0-21:0","Wednesday":"10:0-21:0","Thursday":"10:0-21:0","Friday":"10:0-21:0","Saturday":"10:0-21:0","Sunday":"12:0-18:0"}}
{"business_id":"a_TfmuLIHsRDyg7aVJQCBQ","name":"Bank of America","address":"4910 S Fort Apache Rd","city":"Las Vegas","state":"NV","postal_code":"89148","latitude":36.0995915313,"longitude":-115.2966786677,"stars":2.0,"review_count":27,"is_open":1,"attributes":null,"categories":"Financial Services, Banks & Credit Unions","hours":null}
{"business_id":"qac28VmbQ7OrTMk-RCl7Yg","name":"Salon Glow","address":"4830 N Litchfield Rd, Ste 105","city":"Litchfield Park","state":"AZ","postal_code":"85340","latitude":33.5063725,"longitude":-112.3587447,"stars":4.0,"review_count":10,"is_open":0,"attributes":{"GoodForKids":"False","RestaurantsPriceRange2":"2","ByAppointmentOnly":"False","BusinessAcceptsCreditCards":"True","BikeParking":"True","BusinessParking":"{'garage': False, 'street': False, 'validated': False, 'lot': True, 'valet': False}"},"categories":"Beauty & Spas, Skin Care, Tanning Beds, Hair Salons, Tanning","hours":{"Monday":"9:0-20:0","Tuesday":"9:0-20:0","Wednesday":"9:0-20:0","Thursday":"9:0-20:0","Friday":"9:0-20:0","Saturday":"9:0-18:0"}}
{"business_id":"dQj5DLZjeDK3KFysh1SYOQ","name":"Apteka","address":"4606 Penn Ave","city":"Pittsburgh","state":"PA","postal_code":"15224","latitude":40.4656937,"longitude":-79.9493238,"stars":4.5,"review_count":242,"is_open":1,"attributes":{"CoatCheck":"False","BusinessParking":"{'garage': False, 'street': True, 'validated': False, 'lot': False, 'valet': False}","HappyHour":"True","Smoking":"u'no'","WiFi":"u'free'","RestaurantsTableService":"False","RestaurantsDelivery":"False","Alcohol":"u'full_bar'","RestaurantsPriceRange2":"2","HasTV":"False","Caters":"True","Music":"{'dj': False, 'background_music': True, 'jukebox': False, 'live': False, 'video': False, 'karaoke': False}","RestaurantsTakeOut":"True","BestNights":"{'monday': False, 'tuesday': False, 'friday': True, 'wednesday': True, 'thursday': True, 'sunday': False, 'saturday': False}","WheelchairAccessible":"True","BusinessAcceptsCreditCards":"True","GoodForKids":"False","BusinessAcceptsBitcoin":"False","GoodForDancing":"False","BikeParking":"True","RestaurantsAttire":"u'casual'","RestaurantsGoodForGroups":"True","NoiseLevel":"u'average'","RestaurantsReservations":"False","Ambience":"{'romantic': False, 'intimate': False, 'classy': False, 'hipster': True, 'divey': False, 'touristy': False, 'trendy': False, 'upscale': False, 'casual': True}","GoodForMeal":"{'dessert': False, 'latenight': False, 'lunch': False, 'dinner': True, 'brunch': False, 'breakfast': False}","OutdoorSeating":"False"},"categories":"Nightlife, Bars, Polish, Modern European, Restaurants, Vegan","hours":{"Wednesday":"17:0-0:0","Thursday":"17:0-0:0","Friday":"17:0-0:0","Saturday":"17:0-0:0","Sunday":"17:0-0:0"}}
{"business_id":"R3rss9fkfJxiOK6DueON3w","name":"La Fortuna","address":"3339 Las Vegas Blvd S","city":"Las Vegas","state":"NV","postal_code":"89109","latitude":36.1231067,"longitude":-115.170253,"stars":4.0,"review_count":5,"is_open":1,"attributes":null,"categories":"Shopping, Women's Clothing, Fashion","hours":null}
{"business_id":"Y0dRlYjRNWckjvTGd55hzg","name":"M Catering by Michael's","address":"20645 N 28th St","city":"Phoenix","state":"AZ","postal_code":"85050","latitude":33.6745703,"longitude":-112.0218342,"stars":5.0,"review_count":7,"is_open":1,"attributes":{"GoodForMeal":"{'dessert': False, 'latenight': False, 'lunch': False, 'dinner': False, 'brunch': False, 'breakfast': False}","RestaurantsGoodForGroups":"True","GoodForKids":"True","RestaurantsTakeOut":"True"},"categories":"Caterers, Event Planning & Services","hours":null}
{"business_id":"kJbteCeQTiEB8Xdn9dA7rw","name":"Transformers Landscaping","address":"6798 Cherry Grove Ave","city":"Las Vegas","state":"NV","postal_code":"89156","latitude":36.1919831,"longitude":-115.0240553,"stars":4.0,"review_count":9,"is_open":1,"attributes":{"BusinessAcceptsCreditCards":"True","ByAppointmentOnly":"True"},"categories":"Tree Services, Landscape Architects, Home Services, Landscaping, Lawn Services","hours":{"Monday":"0:0-0:0","Tuesday":"7:0-19:0","Wednesday":"7:0-19:0","Thursday":"7:0-19:0","Friday":"7:0-19:0","Saturday":"7:0-19:0","Sunday":"7:0-19:0"}}
{"business_id":"5sFVttifV5ID8Gs0-iiAsA","name":"Hair by Sharyn","address":"8751 W Charleston Blvd","city":"Las Vegas","state":"NV","postal_code":"89117","latitude":36.1575464,"longitude":-115.2860645,"stars":5.0,"review_count":8,"is_open":1,"attributes":{"ByAppointmentOnly":"True","HairSpecializesIn":"{'straightperms': True, 'coloring': True, 'extensions': True, 'africanamerican': True, 'curly': True, 'kids': True, 'perms': True, 'asian': True}","WheelchairAccessible":"True","BusinessParking":"{'garage': False, 'street': False, 'validated': False, 'lot': True, 'valet': False}","BusinessAcceptsCreditCards":"True","BusinessAcceptsBitcoin":"False","BikeParking":"False"},"categories":"Hair Loss Centers, Beauty & Spas, Hair Stylists, Hair Salons","hours":{"Tuesday":"10:0-18:0","Wednesday":"10:0-18:0","Thursday":"10:0-14:0","Friday":"10:0-18:0","Saturday":"10:0-18:0"}}
{"business_id":"9UTpmQ4OhX5jNFUIu7dPPQ","name":"Buk Chang Dong Soon Tofu","address":"3085 Hurontario Street","city":"Mississauga","state":"ON","postal_code":"L5A","latitude":43.582262,"longitude":-79.618858,"stars":4.0,"review_count":103,"is_open":1,"attributes":{"Ambience":"{'romantic': False, 'intimate': False, 'classy': False, 'hipster': False, 'divey': False, 'touristy': False, 'trendy': False, 'upscale': False, 'casual': True}","RestaurantsDelivery":"False","Caters":"False","RestaurantsTableService":"True","HasTV":"False","RestaurantsTakeOut":"True","Alcohol":"'none'","BusinessParking":"{'garage': False, 'street': False, 'validated': False, 'lot': True, 'valet': False}","RestaurantsReservations":"False","NoiseLevel":"u'average'","GoodForKids":"True","RestaurantsPriceRange2":"1","RestaurantsAttire":"u'casual'","GoodForMeal":"{'dessert': False, 'latenight': False, 'lunch': True, 'dinner': True, 'brunch': False, 'breakfast': False}","OutdoorSeating":"False","RestaurantsGoodForGroups":"True","WiFi":"u'no'","BikeParking":"True"},"categories":"Restaurants, Korean","hours":{"Monday":"11:0-22:0","Tuesday":"11:0-22:0","Wednesday":"11:0-22:0","Thursday":"11:0-22:0","Friday":"11:0-22:0","Saturday":"11:0-22:0","Sunday":"11:0-22:0"}}
{"business_id":"HYunM2pknhIh8lbiMa7THw","name":"Dunn-Edwards Paints","address":"233 E Camelback Rd","city":"Phoenix","state":"AZ","postal_code":"85012","latitude":33.5090108,"longitude":-112.0696671,"stars":3.0,"review_count":16,"is_open":1,"attributes":{"BusinessAcceptsCreditCards":"True","ByAppointmentOnly":"False","BusinessParking":"{'garage': False, 'street': False, 'validated': False, 'lot': True, 'valet': False}","BikeParking":"False","RestaurantsPriceRange2":"2"},"categories":"Interior Design, Contractors, Hardware Stores, Building Supplies, Home & Garden, Paint Stores, Home Services, Shopping, Painters","hours":{"Monday":"6:0-17:0","Tuesday":"6:0-17:0","Wednesday":"6:0-17:0","Thursday":"6:0-17:0","Friday":"6:0-17:0","Saturday":"6:0-18:0","Sunday":"10:0-16:0"}}
{"business_id":"v-scZMU6jhnmV955RSzGJw","name":"No. 1 Sushi Sushi","address":"436 Market St","city":"Pittsburgh","state":"PA","postal_code":"15222","latitude":40.441062,"longitude":-80.002126,"stars":4.5,"review_count":106,"is_open":1,"attributes":{"OutdoorSeating":"False","HasTV":"True","NoiseLevel":"'average'","BusinessAcceptsCreditCards":"True","RestaurantsTableService":"True","BusinessParking":"{'garage': False, 'street': True, 'validated': False, 'lot': False, 'valet': False}","RestaurantsDelivery":"False","WiFi":"'no'","RestaurantsReservations":"False","GoodForMeal":"{'dessert': False, 'latenight': False, 'lunch': True, 'dinner': False, 'brunch': False, 'breakfast': False}","RestaurantsTakeOut":"True","Alcohol":"'none'","RestaurantsGoodForGroups":"False","BikeParking":"True","WheelchairAccessible":"True","Caters":"True","Ambience":"{'touristy': False, 'hipster': False, 'romantic': False, 'divey': False, 'intimate': False, 'trendy': False, 'upscale': False, 'classy': False, 'casual': True}","RestaurantsAttire":"'casual'","RestaurantsPriceRange2":"2","GoodForKids":"True"},"categories":"Japanese, Sushi Bars, Restaurants","hours":{"Monday":"11:0-20:0","Tuesday":"11:0-20:0","Wednesday":"11:0-20:0","Thursday":"11:0-20:0","Friday":"11:0-20:0"}}
{"business_id":"gS-IoDQSggdxPn2Sf1yfGQ","name":"Desert Shores Dentistry","address":"16515 S 40th St","city":"Phoenix","state":"AZ","postal_code":"85048","latitude":33.2973184,"longitude":-111.9964502,"stars":5.0,"review_count":5,"is_open":1,"attributes":{"ByAppointmentOnly":"True"},"categories":"General Dentistry, Health & Medical, Dentists","hours":{"Tuesday":"7:30-17:0","Wednesday":"7:30-17:0","Thursday":"7:30-17:0","Friday":"7:30-14:30"}}
{"business_id":"kANF0dbeoW34s2vwh6Umfw","name":"Dairy Queen","address":"6125 Spring Mountain Rd","city":"Las Vegas","state":"NV","postal_code":"89146","latitude":36.1250311,"longitude":-115.2256202,"stars":2.0,"review_count":33,"is_open":0,"attributes":{"RestaurantsPriceRange2":"1","Ambience":"{'romantic': False, 'intimate': False, 'classy': False, 'hipster': False, 'divey': False, 'touristy': False, 'trendy': False, 'upscale': False, 'casual': True}","RestaurantsGoodForGroups":"True","RestaurantsTakeOut":"True","NoiseLevel":"u'average'","BusinessAcceptsCreditCards":"True","RestaurantsAttire":"u'casual'","BikeParking":"True","OutdoorSeating":"False","HasTV":"False","RestaurantsReservations":"False","BusinessParking":"{'garage': False, 'street': False, 'validated': False, 'lot': True, 'valet': False}","RestaurantsDelivery":"False","WiFi":"'no'","GoodForKids":"True","Alcohol":"u'none'","Caters":"False"},"categories":"Fast Food, Food, Restaurants, Ice Cream & Frozen Yogurt","hours":null}
{"business_id":"D6ffAaTr_m5lsKxHNp9fwg","name":"Goveias Salon & Spa","address":"6949 E 5th Ave","city":"Scottsdale","state":"AZ","postal_code":"85251","latitude":33.4842100799,"longitude":-111.9342308109,"stars":5.0,"review_count":18,"is_open":1,"attributes":{"RestaurantsPriceRange2":"2","BusinessAcceptsCreditCards":"True","BikeParking":"True","ByAppointmentOnly":"True","BusinessParking":"{'garage': False, 'street': True, 'validated': False, 'lot': False, 'valet': False}"},"categories":"Eyebrow Services, Hair Salons, Day Spas, Nail Salons, Beauty & Spas","hours":{"Monday":"12:0-17:0","Tuesday":"8:0-19:0","Wednesday":"12:0-17:0","Thursday":"8:0-19:0","Friday":"8:0-17:0","Saturday":"8:0-17:0"}}
{"business_id":"KFbUQ-RR2UOV62Ep7WnXHw","name":"Westwood Bar & Grill","address":"825 Commonwealth Ave","city":"West Mifflin","state":"PA","postal_code":"15122","latitude":40.376674,"longitude":-79.88248,"stars":3.0,"review_count":5,"is_open":1,"attributes":{"GoodForMeal":"{'dessert': False, 'latenight': False, 'lunch': False, 'dinner': False, 'brunch': False, 'breakfast': False}","RestaurantsReservations":"True","RestaurantsDelivery":"False","RestaurantsGoodForGroups":"True","RestaurantsTakeOut":"True","BusinessAcceptsCreditCards":"True","HasTV":"True","OutdoorSeating":"False","Caters":"True","NoiseLevel":"u'average'","RestaurantsPriceRange2":"2","Alcohol":"u'full_bar'","BikeParking":"True","WiFi":"'no'","Ambience":"{'romantic': False, 'intimate': False, 'classy': False, 'hipster': False, 'divey': False, 'touristy': False, 'trendy': False, 'upscale': False, 'casual': False}","BusinessParking":"{'garage': False, 'street': False, 'validated': False, 'lot': False, 'valet': False}","GoodForKids":"False","RestaurantsAttire":"u'casual'"},"categories":"American (Traditional), Restaurants","hours":{"Wednesday":"11:0-0:0","Thursday":"11:0-0:0","Friday":"11:0-2:0","Saturday":"11:0-2:0","Sunday":"11:0-22:0"}}
{"business_id":"44YFU284Z3KDEy25QyVoUw","name":"Nee House Chinese Restaurant","address":"13843 N Tatum Blvd, Ste 15","city":"Phoenix","state":"AZ","postal_code":"85032","latitude":33.6130201898,"longitude":-111.9770356779,"stars":3.5,"review_count":269,"is_open":1,"attributes":{"Caters":"True","GoodForKids":"True","NoiseLevel":"u'average'","RestaurantsPriceRange2":"2","BusinessAcceptsCreditCards":"True","HasTV":"False","OutdoorSeating":"False","RestaurantsTakeOut":"True","RestaurantsTableService":"True","RestaurantsDelivery":"False","BusinessParking":"{'garage': False, 'street': False, 'validated': False, 'lot': True, 'valet': False}","RestaurantsReservations":"True","BikeParking":"True","GoodForMeal":"{'dessert': False, 'latenight': False, 'lunch': True, 'dinner': True, 'brunch': False, 'breakfast': False}","Ambience":"{'romantic': False, 'intimate': False, 'touristy': False, 'hipster': False, 'divey': False, 'classy': False, 'trendy': False, 'upscale': False, 'casual': True}","WiFi":"u'no'","Alcohol":"'beer_and_wine'","RestaurantsGoodForGroups":"True","RestaurantsAttire":"'casual'"},"categories":"Chinese, Restaurants","hours":{"Monday":"11:0-21:0","Tuesday":"11:0-21:0","Wednesday":"11:0-21:0","Thursday":"11:0-21:0","Friday":"11:0-21:30","Saturday":"11:0-21:30","Sunday":"11:0-21:30"}}
{"business_id":"iXkqd9uNods7YnxrnBq_RA","name":"Spirit Apothecary","address":"664 Broadway Ave","city":"Bedford","state":"OH","postal_code":"44146","latitude":41.3919418,"longitude":-81.5363193,"stars":4.5,"review_count":10,"is_open":1,"attributes":{"BusinessAcceptsBitcoin":"False","ByAppointmentOnly":"False","BusinessAcceptsCreditCards":"True","BikeParking":"False","BusinessParking":"{'garage': False, 'street': True, 'validated': False, 'lot': False, 'valet': False}","RestaurantsPriceRange2":"2"},"categories":"Home Decor, Cosmetics & Beauty Supply, Health & Medical, Home & Garden, Herbal Shops, Beauty & Spas, Food, Nurseries & Gardening, Spiritual Shop, Shopping","hours":{"Monday":"12:0-20:0","Tuesday":"12:0-20:0","Wednesday":"12:0-20:0","Thursday":"12:0-20:0","Friday":"12:0-20:0","Saturday":"11:0-19:0"}}
{"business_id":"PkDghu4aan2_wxrhXjTEgg","name":"MiraKuru","address":"529-17th Avenue SW","city":"Calgary","state":"AB","postal_code":"T2S 0A9","latitude":51.0377777046,"longitude":-114.0733513906,"stars":3.5,"review_count":16,"is_open":0,"attributes":{"WiFi":"'free'","GoodForDancing":"False","RestaurantsPriceRange2":"2","RestaurantsAttire":"u'casual'","BikeParking":"True","HasTV":"True","OutdoorSeating":"False","RestaurantsReservations":"True","HappyHour":"True","Music":"{'dj': False, 'background_music': False, 'jukebox': False, 'live': False, 'video': False, 'karaoke': False}","Alcohol":"u'full_bar'","NoiseLevel":"u'average'","GoodForMeal":"{'dessert': False, 'latenight': False, 'lunch': False, 'dinner': False, 'brunch': False, 'breakfast': False}","Smoking":"u'no'","RestaurantsTakeOut":"True","CoatCheck":"False","RestaurantsDelivery":"False","RestaurantsTableService":"True","GoodForKids":"True","RestaurantsGoodForGroups":"True","Ambience":"{'romantic': False, 'intimate': False, 'classy': False, 'hipster': False, 'divey': False, 'touristy': False, 'trendy': False, 'upscale': False, 'casual': False}"},"categories":"Nightlife, Italian, Restaurants, Japanese, Lounges, Bars","hours":{"Tuesday":"14:0-23:0","Wednesday":"14:0-23:0","Thursday":"14:0-23:0","Friday":"14:0-2:0","Saturday":"14:0-2:0","Sunday":"14:0-23:0"}}
{"business_id":"eXgDqKD7-sojyzh6q7PJ4g","name":"The Sweet Gallery","address":"350 Bering Avenue","city":"Etobicoke","state":"ON","postal_code":"M8Z 3A9","latitude":43.637329,"longitude":-79.5311665,"stars":4.0,"review_count":20,"is_open":1,"attributes":{"RestaurantsPriceRange2":"2","NoiseLevel":"'quiet'","OutdoorSeating":"True","BikeParking":"True","RestaurantsReservations":"True","Ambience":"{'romantic': False, 'intimate': False, 'classy': False, 'hipster': False, 'divey': False, 'touristy': False, 'trendy': False, 'upscale': False, 'casual': False}","Caters":"True","WiFi":"'no'","RestaurantsTableService":"True","DogsAllowed":"False","RestaurantsTakeOut":"True","Alcohol":"u'none'","RestaurantsGoodForGroups":"True","BusinessParking":"{'garage': False, 'street': True, 'validated': False, 'lot': True, 'valet': False}","RestaurantsAttire":"'casual'","RestaurantsDelivery":"False","GoodForKids":"True","WheelchairAccessible":"False","HasTV":"False"},"categories":"Sandwiches, Desserts, Custom Cakes, Bakeries, Patisserie\/Cake Shop, Cafes, Restaurants, Food, Breakfast & Brunch, Coffee & Tea","hours":{"Tuesday":"8:0-18:0","Wednesday":"8:0-18:0","Thursday":"8:0-18:0","Friday":"8:0-18:0","Saturday":"8:0-18:0"}}
{"business_id":"i_oghUPqLzzJtxC6Zm-D2A","name":"Braseiro","address":"8261 Saint-Laurent Boulevard","city":"Montral","state":"QC","postal_code":"H2P 2M1","latitude":45.5397329,"longitude":-73.633639,"stars":4.0,"review_count":22,"is_open":1,"attributes":{"GoodForKids":"True","RestaurantsTakeOut":"True","OutdoorSeating":"False","RestaurantsReservations":"True","BusinessParking":"{'garage': False, 'street': True, 'validated': False, 'lot': False, 'valet': False}","GoodForMeal":"{'dessert': False, 'latenight': False, 'lunch': True, 'dinner': True, 'brunch': False, 'breakfast': False}","RestaurantsGoodForGroups":"True","HasTV":"True","Ambience":"{'romantic': False, 'intimate': False, 'classy': False, 'hipster': False, 'divey': False, 'touristy': False, 'trendy': False, 'upscale': False, 'casual': True}","RestaurantsPriceRange2":"2","RestaurantsAttire":"u'casual'","BikeParking":"False","WiFi":"u'no'","RestaurantsDelivery":"False","NoiseLevel":"u'very_loud'","Alcohol":"u'full_bar'","RestaurantsTableService":"True"},"categories":"Canadian (New), Portuguese, Restaurants","hours":{"Monday":"11:30-21:0","Tuesday":"11:30-21:0","Wednesday":"11:30-21:0","Thursday":"11:30-22:0","Friday":"11:30-22:0","Saturday":"11:30-22:0","Sunday":"11:30-21:0"}}
{"business_id":"RFbMVekR8lU9tPJ8sWrwHg","name":"Tavolino","address":"619 Mount Pleasant Road","city":"Toronto","state":"ON","postal_code":"M4S 2M5","latitude":43.7042291,"longitude":-79.3882299,"stars":4.0,"review_count":18,"is_open":1,"attributes":{"RestaurantsPriceRange2":"2","HasTV":"False","BikeParking":"True","OutdoorSeating":"False","RestaurantsAttire":"u'casual'","GoodForKids":"False","Ambience":"{'romantic': False, 'intimate': False, 'classy': False, 'hipster': False, 'divey': False, 'touristy': False, 'trendy': False, 'upscale': False, 'casual': False}","NoiseLevel":"u'quiet'","RestaurantsReservations":"True","GoodForMeal":"{'dessert': False, 'latenight': False, 'lunch': False, 'dinner': True, 'brunch': False, 'breakfast': False}","BusinessParking":"{'garage': False, 'street': True, 'validated': False, 'lot': False, 'valet': False}","RestaurantsGoodForGroups":"True","RestaurantsTableService":"True","Alcohol":"u'full_bar'"},"categories":"Italian, Restaurants","hours":null}
{"business_id":"735UkyT4px_oeW3iyotGmA","name":"Parc-nature de l'le-de-la-Visitation","address":"2425 Boulevard Gouin E","city":"Montral","state":"QC","postal_code":"H2B 1X7","latitude":45.5838977316,"longitude":-73.653777726,"stars":4.5,"review_count":10,"is_open":1,"attributes":{"GoodForKids":"True","BikeParking":"True","BusinessParking":"{'garage': False, 'street': True, 'validated': False, 'lot': True, 'valet': False}"},"categories":"Parks, Active Life","hours":{"Monday":"9:0-16:30","Tuesday":"9:0-16:30","Wednesday":"9:0-16:30","Thursday":"9:0-16:30","Friday":"9:0-16:30","Saturday":"9:0-18:0","Sunday":"9:0-18:0"}}
{"business_id":"HHH_mrl-x694asUCs3SHeQ","name":"Inspire! Dental","address":"4434 E Brown Rd, Ste 104","city":"Mesa","state":"AZ","postal_code":"85205","latitude":33.437778,"longitude":-111.734964,"stars":5.0,"review_count":26,"is_open":1,"attributes":{"BusinessAcceptsCreditCards":"True","ByAppointmentOnly":"True","AcceptsInsurance":"True"},"categories":"General Dentistry, Dentists, Oral Surgeons, Cosmetic Dentists, Health & Medical, Orthodontists","hours":{"Monday":"0:0-0:0","Tuesday":"8:0-17:0","Wednesday":"7:0-14:30","Thursday":"8:0-17:0","Friday":"7:0-13:0"}}
{"business_id":"1gkJBdrkfdO7rEMml9e2KQ","name":"Llantera Del Norte","address":"4380 N Lamb Blvd","city":"Las Vegas","state":"NV","postal_code":"89115","latitude":36.2395570019,"longitude":-115.0796038143,"stars":4.0,"review_count":4,"is_open":0,"attributes":{"BusinessAcceptsCreditCards":"True"},"categories":"Automotive, Auto Repair, Tires","hours":{"Monday":"0:0-0:0","Tuesday":"0:0-0:0","Wednesday":"0:0-0:0","Thursday":"0:0-0:0","Friday":"0:0-0:0","Saturday":"0:0-0:0","Sunday":"0:0-0:0"}}
{"business_id":"nkoie_y3fbaQGjZqFGqsrg","name":"Complete Auto Glass","address":"650 S Nine Mound Rd","city":"Verona","state":"WI","postal_code":"53593","latitude":42.986419914,"longitude":-89.5479280483,"stars":5.0,"review_count":17,"is_open":1,"attributes":{"BusinessAcceptsCreditCards":"True"},"categories":"Home Services, Auto Glass Services, Windows Installation, Windshield Installation & Repair, Auto Parts & Supplies, Automotive","hours":{"Monday":"9:0-17:0","Tuesday":"9:0-17:0","Wednesday":"9:0-17:0","Thursday":"9:0-17:0","Friday":"9:0-17:0"}}
{"business_id":"HBQG_DT8pfbkv8jiv3P6Gw","name":"Winners","address":"3105 Highway 7","city":"Markham","state":"ON","postal_code":"L3R 0T9","latitude":43.847996581,"longitude":-79.3537330357,"stars":2.5,"review_count":8,"is_open":1,"attributes":{"RestaurantsPriceRange2":"2","BusinessParking":"{'garage': False, 'street': False, 'validated': False, 'lot': True, 'valet': False}","BikeParking":"True"},"categories":"Shopping, Discount Store","hours":{"Monday":"9:30-21:0","Tuesday":"9:30-21:0","Wednesday":"9:30-21:0","Thursday":"9:30-21:0","Friday":"9:30-21:0","Saturday":"9:30-19:0","Sunday":"11:0-20:0"}}
{"business_id":"DLaE25PS7bO9ar5rz-zRow","name":"Nice One Nails","address":"8 - 1525 Bristol Road","city":"Mississauga","state":"ON","postal_code":"L5M 4Z1","latitude":43.5861958135,"longitude":-79.6995425597,"stars":2.5,"review_count":3,"is_open":1,"attributes":{"ByAppointmentOnly":"False","BikeParking":"False","RestaurantsPriceRange2":"1"},"categories":"Beauty & Spas, Nail Salons","hours":{"Monday":"10:0-20:0","Tuesday":"10:0-20:0","Wednesday":"10:0-20:0","Thursday":"10:0-20:0","Friday":"9:30-20:0","Saturday":"9:30-18:0","Sunday":"11:0-17:0"}}
{"business_id":"iA6IwYzo6qDmY7dZfXdzyg","name":"Wyatt Brad, DMD","address":"5700 W Olive Ave, Ste 104","city":"Glendale","state":"AZ","postal_code":"85302","latitude":33.567806315,"longitude":-112.182662487,"stars":5.0,"review_count":5,"is_open":0,"attributes":{"ByAppointmentOnly":"True"},"categories":"Health & Medical, Dentists, General Dentistry","hours":{"Monday":"8:0-17:0","Tuesday":"7:0-17:0","Wednesday":"7:0-17:0","Thursday":"8:0-16:0"}}
{"business_id":"CJ4hyISN5qHyqMGHcydZFg","name":"enVoqueMD","address":"10155 E Via Linda, Ste H136","city":"Scottsdale","state":"AZ","postal_code":"85258","latitude":33.5743637622,"longitude":-111.8621073184,"stars":3.5,"review_count":7,"is_open":1,"attributes":{"ByAppointmentOnly":"True","WheelchairAccessible":"True","BikeParking":"True","BusinessAcceptsCreditCards":"True"},"categories":"Medical Centers, Beauty & Spas, Naturopathic\/Holistic, Weight Loss Centers, Doctors, Medical Spas, Health & Medical, Nutritionists","hours":{"Monday":"9:0-17:0","Tuesday":"9:0-17:0","Thursday":"9:0-17:0"}}
{"business_id":"SWX0K1dpy4fcRq-ktZxmCg","name":"Bistro des Moulins","address":"10897 Rue du Pont","city":"Montral","state":"QC","postal_code":"H2B 2H3","latitude":45.574857,"longitude":-73.66113,"stars":3.5,"review_count":3,"is_open":0,"attributes":{"OutdoorSeating":"True","WiFi":"u'free'","Ambience":"None","RestaurantsReservations":"True","RestaurantsTakeOut":"False","RestaurantsDelivery":"False","Alcohol":"u'full_bar'","HasTV":"False","RestaurantsGoodForGroups":"True","RestaurantsPriceRange2":"2","GoodForKids":"False","Caters":"False","RestaurantsAttire":"'casual'","BikeParking":"True"},"categories":"Landmarks & Historical Buildings, Mediterranean, Public Services & Government, Restaurants","hours":{"Monday":"10:0-22:0","Tuesday":"10:0-22:0","Wednesday":"10:0-22:0","Thursday":"10:0-22:0","Friday":"10:0-22:0","Saturday":"10:0-22:0","Sunday":"10:0-22:0"}}
{"business_id":"gas3YSrKkEcBliUHhnOLTg","name":"Tiffany & Co - Forum Shops at Caesar's Palace","address":"3500 Las Vegas Blvd","city":"Las Vegas","state":"NV","postal_code":"89109","latitude":36.1181566288,"longitude":-115.1764297378,"stars":3.5,"review_count":21,"is_open":1,"attributes":{"ByAppointmentOnly":"False","RestaurantsPriceRange2":"4","BusinessAcceptsCreditCards":"True","BusinessParking":"{'garage': True, 'street': False, 'validated': False, 'lot': False, 'valet': False}","BikeParking":"False"},"categories":"Accessories, Shopping, Fashion, Jewelry, Leather Goods","hours":null}
{"business_id":"3d6ys6yvpF3svKa4HtUnoA","name":"Kirsty Blattner","address":"","city":"Madison","state":"WI","postal_code":"53715","latitude":43.0541875099,"longitude":-89.3902180422,"stars":5.0,"review_count":3,"is_open":1,"attributes":null,"categories":"Professional Services, Life Coach","hours":{"Monday":"10:0-19:0","Tuesday":"10:0-19:0","Wednesday":"10:0-19:0","Thursday":"10:0-19:0","Friday":"10:0-19:0"}}
{"business_id":"BUdtUH9SkcitAf4JOOsa6A","name":"North Mountain Medical & Rehabilitation Center","address":"9155 N 3rd St","city":"Phoenix","state":"AZ","postal_code":"85020","latitude":33.5694844,"longitude":-112.0688287,"stars":2.0,"review_count":11,"is_open":1,"attributes":{"ByAppointmentOnly":"False"},"categories":"Hospitals, Doctors, Rehabilitation Center, Medical Centers, Health & Medical","hours":{"Monday":"0:0-0:0","Tuesday":"0:0-0:0","Wednesday":"0:0-0:0","Thursday":"0:0-0:0","Friday":"0:0-0:0","Saturday":"0:0-0:0","Sunday":"0:0-0:0"}}
{"business_id":"NPHZkn1e-tSJAbo8Zm9rYw","name":"Burrito Bandidos","address":"1614 Queen Street E","city":"Toronto","state":"ON","postal_code":"M4L 1G4","latitude":43.6661812,"longitude":-79.3164682,"stars":3.5,"review_count":43,"is_open":1,"attributes":{"RestaurantsGoodForGroups":"True","RestaurantsPriceRange2":"2","RestaurantsAttire":"u'casual'","HasTV":"False","WiFi":"u'no'","Ambience":"{'romantic': False, 'intimate': False, 'classy': False, 'hipster': False, 'divey': False, 'touristy': False, 'trendy': False, 'upscale': False, 'casual': True}","BusinessParking":"{'garage': False, 'street': True, 'validated': False, 'lot': False, 'valet': False}","RestaurantsTakeOut":"True","NoiseLevel":"u'average'","RestaurantsDelivery":"False","BikeParking":"True","RestaurantsReservations":"False","Alcohol":"u'none'","GoodForKids":"True","OutdoorSeating":"False","Caters":"False"},"categories":"Tex-Mex, Mexican, Restaurants","hours":{"Monday":"11:0-23:0","Tuesday":"11:0-23:0","Wednesday":"11:0-23:0","Thursday":"11:0-23:0","Friday":"11:0-23:0","Saturday":"12:0-23:0","Sunday":"12:0-22:0"}}
{"business_id":"smkZUv_IeYYj_BA6-Po7oQ","name":"Fabulous Cakes and Confections Inc.","address":"4300 Steeles Avenue W, Unit 9","city":"Vaughan","state":"ON","postal_code":"L4L 4C2","latitude":43.7675451093,"longitude":-79.5617757296,"stars":3.5,"review_count":3,"is_open":1,"attributes":{"RestaurantsPriceRange2":"2"},"categories":"Bakeries, Food, Event Planning & Services, Desserts","hours":{"Tuesday":"12:0-17:0","Wednesday":"12:0-17:0","Thursday":"12:0-17:0","Friday":"12:0-17:0","Saturday":"12:0-17:0"}}
{"business_id":"Cat1JuOOdv89E8Zck23smQ","name":"Laura Saucedo 702","address":"6345 S Pecos Rd, Ste 105","city":"Las Vegas","state":"NV","postal_code":"89120","latitude":36.0749832,"longitude":-115.1013651,"stars":5.0,"review_count":8,"is_open":1,"attributes":{"HairSpecializesIn":"{'straightperms': True, 'coloring': True, 'extensions': True, 'africanamerican': True, 'curly': True, 'kids': True, 'perms': True, 'asian': True}","WheelchairAccessible":"True","GoodForKids":"True","RestaurantsPriceRange2":"2","BikeParking":"True","ByAppointmentOnly":"True","BusinessAcceptsCreditCards":"True","BusinessParking":"{'garage': False, 'street': True, 'validated': False, 'lot': True, 'valet': False}"},"categories":"Hair Stylists, Makeup Artists, Hair Salons, Permanent Makeup, Hair Extensions, Beauty & Spas","hours":{"Tuesday":"10:0-22:0","Wednesday":"10:0-22:0","Thursday":"10:0-22:0","Friday":"10:0-22:0","Saturday":"10:0-22:0"}}
{"business_id":"1lp-Y6oaoI4BOPU3hyvIVQ","name":"Renters Warehouse","address":"376 E Warm Springs Rd, Ste 240","city":"Las Vegas","state":"NV","postal_code":"89119","latitude":36.057517,"longitude":-115.1552512,"stars":3.5,"review_count":26,"is_open":1,"attributes":{"ByAppointmentOnly":"True","BusinessAcceptsBitcoin":"False","BusinessAcceptsCreditCards":"True"},"categories":"Property Management, Home Services, Real Estate","hours":{"Monday":"5:0-17:0","Tuesday":"5:0-17:0","Wednesday":"5:0-17:0","Thursday":"5:0-17:0","Friday":"5:0-17:0"}}
{"business_id":"f2ZWZPENViL92BrFsIgR6w","name":"Amazing Cuts","address":"6955 N Durango Dr, Ste 1116","city":"Las Vegas","state":"NV","postal_code":"89149","latitude":36.2873119,"longitude":-115.2895402,"stars":4.5,"review_count":116,"is_open":1,"attributes":{"RestaurantsPriceRange2":"1","BusinessParking":"{'garage': False, 'street': False, 'validated': False, 'lot': True, 'valet': False}","GoodForKids":"True","BusinessAcceptsCreditCards":"True","BikeParking":"True","ByAppointmentOnly":"False"},"categories":"Beauty & Spas, Hair Salons","hours":{"Monday":"8:30-20:0","Tuesday":"8:30-20:0","Wednesday":"8:30-20:0","Thursday":"8:30-20:0","Friday":"8:30-20:0","Saturday":"8:0-19:0","Sunday":"8:0-19:0"}}
{"business_id":"YK5eFV8uS1bCmp8GeiQ-Qg","name":"All Star Donuts & Kolaches","address":"3650 E Flamingo Rd","city":"Las Vegas","state":"NV","postal_code":"89121","latitude":36.115813,"longitude":-115.095457,"stars":4.0,"review_count":6,"is_open":0,"attributes":{"RestaurantsPriceRange2":"1","BusinessAcceptsCreditCards":"True","BusinessParking":"{'garage': False, 'street': False, 'validated': False, 'lot': False, 'valet': False}"},"categories":"Food, Donuts","hours":null}
{"business_id":"cr5pOUYVlwIDflN_SZuGog","name":"Healthcare Partners Sunset","address":"9280 W Sunset Rd","city":"Las Vegas","state":"NV","postal_code":"89148","latitude":36.071819,"longitude":-115.294899,"stars":3.0,"review_count":9,"is_open":1,"attributes":{"ByAppointmentOnly":"True","AcceptsInsurance":"True","BusinessAcceptsCreditCards":"True"},"categories":"Doctors, Family Practice, Health & Medical","hours":null}
{"business_id":"sV6kKpzneWwQ8cY8gQ8bgA","name":"Charlotte Mecklenburg Library - Beatties Ford Road Regional","address":"2412 Beatties Ford Rd","city":"Charlotte","state":"NC","postal_code":"28216","latitude":35.267703,"longitude":-80.8534335,"stars":4.0,"review_count":5,"is_open":1,"attributes":{"WiFi":"u'free'"},"categories":"Libraries, Educational Services, Education, Books, Mags, Music & Video, Shopping, Bookstores, Public Services & Government","hours":{"Monday":"9:0-20:0","Tuesday":"9:0-20:0","Wednesday":"9:0-20:0","Thursday":"9:0-20:0","Friday":"9:0-17:0","Saturday":"9:0-17:0"}}
{"business_id":"QHr_fc_TLnGfUEuDEa2jDg","name":"PA Wine & Spirits Store","address":"125 Towne Centre Dr, Ste 500","city":"Wexford","state":"PA","postal_code":"15090","latitude":40.6320526,"longitude":-80.0564758,"stars":3.0,"review_count":7,"is_open":1,"attributes":{"BikeParking":"False","RestaurantsTakeOut":"True","BusinessParking":"{'garage': False, 'street': False, 'validated': False, 'lot': False, 'valet': False}","RestaurantsPriceRange2":"2","BusinessAcceptsCreditCards":"True"},"categories":"Beer, Wine & Spirits, Food","hours":null}
{"business_id":"PL9xKgFL9FB8wDQ9AKrm4g","name":"Brilliance New York","address":"3355 S Las Vegas Blvd, Ste D, The Venetian Hotel","city":"Las Vegas","state":"NV","postal_code":"89109","latitude":36.1212294589,"longitude":-115.1691329904,"stars":3.5,"review_count":38,"is_open":1,"attributes":{"RestaurantsPriceRange2":"4","BusinessParking":"{'garage': True, 'street': False, 'validated': False, 'lot': False, 'valet': False}","BusinessAcceptsCreditCards":"True","ByAppointmentOnly":"False","BikeParking":"True"},"categories":"Cosmetics & Beauty Supply, Hair Stylists, Beauty & Spas, Shopping, Hair Salons","hours":null}
{"business_id":"OOnIQMkjg1VpAcPRFLnM0g","name":"Stein Mart","address":"5960 W Bell Rd","city":"Glendale","state":"AZ","postal_code":"85308","latitude":33.6403899876,"longitude":-112.1879866719,"stars":4.0,"review_count":7,"is_open":1,"attributes":{"BikeParking":"False","BusinessParking":"{'garage': False, 'street': False, 'validated': False, 'lot': True, 'valet': False}","BusinessAcceptsCreditCards":"True","RestaurantsPriceRange2":"2"},"categories":"Shopping, Fashion, Home & Garden, Department Stores, Women's Clothing, Home Decor, Men's Clothing","hours":{"Monday":"10:0-21:0","Tuesday":"10:0-21:0","Wednesday":"10:0-21:0","Thursday":"10:0-21:0","Friday":"10:0-21:0","Saturday":"10:0-21:0","Sunday":"11:0-18:0"}}
{"business_id":"jtlAfuINMCYVFpjwMgy2jw","name":"Medium Rare","address":"5241 Dundas Street W","city":"Toronto","state":"ON","postal_code":"M9B 1A5","latitude":43.6388793,"longitude":-79.5376319,"stars":4.0,"review_count":22,"is_open":0,"attributes":{"RestaurantsPriceRange2":"3","BikeParking":"False","RestaurantsAttire":"u'casual'","Ambience":"{'romantic': False, 'intimate': False, 'classy': False, 'hipster': False, 'divey': False, 'touristy': False, 'trendy': False, 'upscale': False, 'casual': False}","RestaurantsTakeOut":"True","BusinessParking":"{'garage': False, 'street': False, 'validated': False, 'lot': True, 'valet': False}","NoiseLevel":"u'quiet'"},"categories":"Grocery, Restaurants, Steakhouses, Butcher, Food","hours":{"Tuesday":"9:0-18:0","Wednesday":"9:0-18:0","Thursday":"9:0-19:0","Friday":"9:0-19:0","Saturday":"9:0-18:0","Sunday":"11:0-17:0"}}
{"business_id":"pLMfv9jqRElSyJ9pcuFgdA","name":"U.S. Bank","address":"4550 E Sunset Rd","city":"Henderson","state":"NV","postal_code":"89014","latitude":36.071264,"longitude":-115.0746319,"stars":4.0,"review_count":13,"is_open":1,"attributes":null,"categories":"Banks & Credit Unions, Financial Services","hours":{"Monday":"8:0-17:0","Tuesday":"8:0-17:0","Wednesday":"8:0-17:0","Thursday":"8:0-17:0","Friday":"8:0-17:0","Saturday":"9:0-14:0"}}
{"business_id":"0-pC3IoaEK5gNVi2Sz6v7w","name":"Nail Nail","address":"360 Hwy 7  E","city":"Richmond Hill","state":"ON","postal_code":"L4B 3Y7","latitude":43.8417684,"longitude":-79.3968244,"stars":4.0,"review_count":7,"is_open":1,"attributes":{"BusinessParking":"{'garage': False, 'street': False, 'validated': False, 'lot': True, 'valet': False}","ByAppointmentOnly":"True","RestaurantsPriceRange2":"2","BikeParking":"True"},"categories":"Nail Salons, Beauty & Spas","hours":null}
{"business_id":"KjicU7uxRt2KDEnO5cgxDQ","name":"Arizona Florist","address":"2050 S 16th St, Ste 105","city":"Phoenix","state":"AZ","postal_code":"85034","latitude":33.428259,"longitude":-112.048848,"stars":3.0,"review_count":90,"is_open":1,"attributes":{"RestaurantsDelivery":"True","BusinessParking":"{'garage': False, 'street': False, 'validated': False, 'lot': True, 'valet': False}","RestaurantsPriceRange2":"3","DogsAllowed":"False","BusinessAcceptsCreditCards":"True","WheelchairAccessible":"True","BikeParking":"False","BusinessAcceptsBitcoin":"False"},"categories":"Shopping, Floral Designers, Event Planning & Services, Florists, Flowers & Gifts","hours":{"Monday":"0:0-0:0","Tuesday":"6:0-20:0","Wednesday":"6:0-20:0","Thursday":"6:0-19:0","Friday":"6:0-19:0","Saturday":"6:0-19:0","Sunday":"6:0-7:0"}}
{"business_id":"X8mtoSxY8whtmbDlj0D3Aw","name":"Imperial Asian Buffet","address":"4343 N Rancho Dr","city":"Las Vegas","state":"NV","postal_code":"89030","latitude":36.238596,"longitude":-115.2333307,"stars":2.0,"review_count":4,"is_open":1,"attributes":null,"categories":"Restaurants, Chinese","hours":null}
{"business_id":"JAiZVIzhwKgPjncWUedCNQ","name":"Ogden Funeral Homes","address":"4164 Sheppard Avenue E","city":"Scarborough","state":"ON","postal_code":"M1S 1T3","latitude":43.7853769,"longitude":-79.2806654,"stars":3.5,"review_count":3,"is_open":1,"attributes":null,"categories":"Funeral Services & Cemeteries, Local Services","hours":{"Monday":"9:0-21:0","Tuesday":"9:0-21:0","Wednesday":"9:0-21:0","Thursday":"9:0-21:0","Friday":"9:0-21:0","Saturday":"9:0-21:0","Sunday":"9:0-21:0"}}
{"business_id":"7aLkFEBnL1LJmQdcuaovuQ","name":"Ohio Beer Garden","address":"402 Great Northern Blvd","city":"North Olmsted","state":"OH","postal_code":"44070","latitude":41.4165875685,"longitude":-81.9043700652,"stars":4.0,"review_count":8,"is_open":1,"attributes":{"RestaurantsAttire":"'casual'","GoodForMeal":"{'dessert': False, 'latenight': False, 'lunch': False, 'dinner': False, 'brunch': False, 'breakfast': False}","RestaurantsDelivery":"False","OutdoorSeating":"True","Ambience":"{'touristy': False, 'hipster': False, 'romantic': False, 'divey': False, 'intimate': False, 'trendy': False, 'upscale': False, 'classy': False, 'casual': False}","RestaurantsTakeOut":"False","BusinessParking":"{'garage': False, 'street': False, 'validated': False, 'lot': True, 'valet': False}","RestaurantsGoodForGroups":"True","HasTV":"True","Caters":"False","BusinessAcceptsCreditCards":"True","RestaurantsReservations":"False","WiFi":"u'free'","RestaurantsPriceRange2":"1","GoodForKids":"True","GoodForDancing":"False","Alcohol":"u'full_bar'","HappyHour":"True","BikeParking":"False","Music":"{'dj': False, 'background_music': False, 'no_music': False, 'jukebox': False, 'live': False, 'video': False, 'karaoke': False}","RestaurantsTableService":"True","NoiseLevel":"'average'","CoatCheck":"False"},"categories":"Restaurants, Pubs, Bars, Nightlife, American (Traditional), Beer Gardens","hours":{"Monday":"0:0-0:0","Wednesday":"16:0-22:0","Thursday":"16:0-22:0","Friday":"16:0-23:0","Saturday":"15:0-23:0","Sunday":"12:0-20:0"}}
{"business_id":"80hHlCEz_1-vgAhmLvs3lQ","name":"Hair & Nails by Anastasiya","address":"15454 N Frank Lloyd Wright Blvd, Ste A-2 Rm.18","city":"Scottsdale","state":"AZ","postal_code":"85260","latitude":33.6269447,"longitude":-111.8880353,"stars":5.0,"review_count":14,"is_open":1,"attributes":{"ByAppointmentOnly":"True","WheelchairAccessible":"False","BikeParking":"True","GoodForKids":"True","RestaurantsPriceRange2":"2","BusinessAcceptsCreditCards":"True"},"categories":"Hair Stylists, Nail Technicians, Beauty & Spas, Makeup Artists, Nail Salons, Hair Salons","hours":{"Monday":"0:0-0:0","Tuesday":"12:30-18:0","Wednesday":"12:30-18:0","Thursday":"12:30-18:30","Friday":"12:30-18:0","Saturday":"10:0-16:0"}}
{"business_id":"qJeSjOMgWB3er3UXG33ZVw","name":"Carl's Jr","address":"309 50 Avenue SW","city":"Calgary","state":"AB","postal_code":"T2S 1H3","latitude":51.0084601753,"longitude":-114.0687542984,"stars":3.5,"review_count":6,"is_open":1,"attributes":{"WiFi":"'free'","Caters":"False","HasTV":"True","RestaurantsDelivery":"False","RestaurantsAttire":"'casual'","RestaurantsPriceRange2":"2","Alcohol":"u'none'","NoiseLevel":"u'average'","Ambience":"{'touristy': False, 'hipster': False, 'romantic': False, 'intimate': False, 'trendy': False, 'upscale': False, 'classy': False, 'casual': True}","BikeParking":"True","DriveThru":"True","GoodForMeal":"{'dessert': False, 'latenight': False, 'lunch': True, 'dinner': True, 'brunch': False, 'breakfast': False}","RestaurantsTakeOut":"True","OutdoorSeating":"False","RestaurantsTableService":"True","RestaurantsReservations":"False","BusinessParking":"{'garage': False, 'street': False, 'validated': False, 'lot': True, 'valet': False}","RestaurantsGoodForGroups":"True","GoodForKids":"True"},"categories":"American (Traditional), Breakfast & Brunch, Restaurants, Burgers, Fast Food","hours":{"Monday":"10:30-22:0","Tuesday":"10:30-22:0","Wednesday":"10:30-22:0","Thursday":"10:30-22:0","Friday":"10:30-23:0","Saturday":"11:0-23:0","Sunday":"11:0-22:0"}}
{"business_id":"gyFYZV4b_9TxG1ulQNi0Ig","name":"Paramount Fine Foods","address":"165 East Liberty Street","city":"Toronto","state":"ON","postal_code":"M6K 3K4","latitude":43.6384423,"longitude":-79.4172366,"stars":2.0,"review_count":40,"is_open":1,"attributes":{"RestaurantsTakeOut":"True","RestaurantsTableService":"True","RestaurantsReservations":"True","RestaurantsGoodForGroups":"True","GoodForMeal":"{'dessert': False, 'latenight': False, 'lunch': False, 'dinner': False, 'brunch': False, 'breakfast': False}","RestaurantsDelivery":"True","Caters":"True","RestaurantsAttire":"'casual'","Ambience":"{'touristy': False, 'hipster': False, 'romantic': False, 'intimate': False, 'trendy': False, 'upscale': False, 'classy': False, 'casual': False}","GoodForKids":"True","RestaurantsPriceRange2":"2","Alcohol":"u'none'","BusinessParking":"{'garage': False, 'street': False, 'validated': False, 'lot': False, 'valet': False}","BikeParking":"True","NoiseLevel":"u'average'","WiFi":"u'free'","HasTV":"True","OutdoorSeating":"True"},"categories":"Middle Eastern, Restaurants, Salad, Breakfast & Brunch","hours":{"Monday":"10:0-22:0","Tuesday":"10:0-22:0","Wednesday":"10:0-22:0","Thursday":"10:0-22:0","Friday":"10:0-23:0","Saturday":"10:0-23:0","Sunday":"10:0-22:0"}}
{"business_id":"WyNlF7TMW7lNIta0jpWabw","name":"The Spoke Easy","address":"2923 S Tryon St, Ste 250","city":"Charlotte","state":"NC","postal_code":"28203","latitude":35.201759,"longitude":-80.871844,"stars":4.5,"review_count":6,"is_open":0,"attributes":{"BusinessAcceptsCreditCards":"True"},"categories":"Local Services, Bike Repair\/Maintenance","hours":null}
{"business_id":"Yd7H9VvU4Euyguxwyrlfkw","name":"Stencil - A DIY Craft Studio","address":"14435 N 73rd St","city":"Scottsdale","state":"AZ","postal_code":"85260","latitude":33.6148125,"longitude":-111.9238511,"stars":5.0,"review_count":10,"is_open":1,"attributes":{"WheelchairAccessible":"True","BusinessAcceptsCreditCards":"True","BusinessAcceptsBitcoin":"False","GoodForKids":"True","BikeParking":"True","DogsAllowed":"False","BusinessParking":"{'garage': False, 'street': False, 'validated': False, 'lot': True, 'valet': False}","RestaurantsPriceRange2":"2"},"categories":"Education, Paint & Sip, Arts & Crafts, Arts & Entertainment, Art Classes, Hobby Shops, Event Planning & Services, Party & Event Planning, Shopping, Venues & Event Spaces","hours":null}
{"business_id":"OezwOIJ0_62Mj8MLdkGRAw","name":"Aroma Espresso Bar","address":"105 The Pond Road","city":"Toronto","state":"ON","postal_code":"M3J 2S5","latitude":43.7698543376,"longitude":-79.5019328828,"stars":3.5,"review_count":6,"is_open":1,"attributes":{"RestaurantsTakeOut":"True","RestaurantsGoodForGroups":"True","GoodForMeal":"{'dessert': False, 'latenight': False, 'lunch': False, 'dinner': False, 'brunch': False, 'breakfast': False}","BusinessParking":"{'garage': False, 'street': False, 'validated': False, 'lot': False, 'valet': False}","OutdoorSeating":"True","WiFi":"'free'"},"categories":"Sandwiches, Cafes, Food, Restaurants, Coffee & Tea","hours":{"Monday":"7:0-23:0","Tuesday":"7:0-23:0","Wednesday":"7:0-23:0","Thursday":"7:0-23:0","Friday":"7:0-23:0","Saturday":"8:0-19:0","Sunday":"8:0-19:0"}}
{"business_id":"0lFAD4CuWcQVl9u3-lRaCQ","name":"Cruisers Bar and Grill","address":"6625 Dean Memorial Pkwy","city":"Hudson","state":"OH","postal_code":"44236","latitude":41.261133,"longitude":-81.503467,"stars":3.5,"review_count":12,"is_open":1,"attributes":{"Caters":"False","RestaurantsAttire":"u'casual'","BusinessAcceptsBitcoin":"False","BikeParking":"True","GoodForKids":"False","RestaurantsGoodForGroups":"True","NoiseLevel":"u'quiet'","RestaurantsReservations":"False","HasTV":"True","RestaurantsDelivery":"False","RestaurantsTakeOut":"True","BusinessParking":"{'garage': False, 'street': False, 'validated': False, 'lot': True, 'valet': False}","Ambience":"{'romantic': False, 'intimate': False, 'classy': False, 'hipster': False, 'divey': False, 'touristy': False, 'trendy': False, 'upscale': False, 'casual': True}","DogsAllowed":"False","WiFi":"u'free'","Alcohol":"u'full_bar'","BusinessAcceptsCreditCards":"True","RestaurantsPriceRange2":"2","CoatCheck":"False","RestaurantsTableService":"False","HappyHour":"True","WheelchairAccessible":"True","OutdoorSeating":"False","Smoking":"u'outdoor'"},"categories":"Pubs, Restaurants, Bars, Event Planning & Services, American (Traditional), Nightlife, Lounges, Venues & Event Spaces, Sports Bars","hours":{"Thursday":"17:0-22:0","Friday":"17:0-2:15","Saturday":"17:0-2:15","Sunday":"12:0-19:0"}}
{"business_id":"aql8K6zVoJDGRJ3P-IgtpQ","name":"Ume Fashion Sushi","address":"1732 Kingston Road","city":"Toronto","state":"ON","postal_code":"M1N 1S8","latitude":43.6927912,"longitude":-79.2626299,"stars":4.5,"review_count":25,"is_open":1,"attributes":{"OutdoorSeating":"False","RestaurantsGoodForGroups":"True","BikeParking":"True","RestaurantsReservations":"True","GoodForKids":"True","RestaurantsAttire":"'casual'","Alcohol":"'beer_and_wine'","RestaurantsTakeOut":"True","NoiseLevel":"'quiet'","Ambience":"{'romantic': False, 'intimate': False, 'classy': False, 'hipster': False, 'divey': False, 'touristy': False, 'trendy': False, 'upscale': False, 'casual': False}","RestaurantsDelivery":"True","RestaurantsPriceRange2":"2","BusinessParking":"{'garage': False, 'street': False, 'validated': False, 'lot': False, 'valet': False}","HasTV":"False","WiFi":"u'no'"},"categories":"Sushi Bars, Restaurants","hours":{"Monday":"11:0-22:0","Tuesday":"11:0-22:0","Wednesday":"11:0-22:0","Thursday":"11:0-22:0","Friday":"11:0-22:0","Saturday":"14:0-22:0","Sunday":"14:0-22:0"}}
{"business_id":"0PVrf9UoZBR5lEjee893Wg","name":"Funny Stop Comedy Club","address":"1767 State Rd","city":"Cuyahoga Falls","state":"OH","postal_code":"44223","latitude":41.1307822,"longitude":-81.5079804,"stars":3.0,"review_count":15,"is_open":1,"attributes":{"RestaurantsGoodForGroups":"True","BikeParking":"True","RestaurantsPriceRange2":"1","NoiseLevel":"u'average'","Ambience":"{'touristy': False, 'hipster': False, 'romantic': False, 'divey': False, 'intimate': False, 'trendy': False, 'upscale': False, 'classy': False, 'casual': False}","OutdoorSeating":"False","BusinessParking":"{'garage': False, 'street': False, 'validated': False, 'lot': True, 'valet': False}","HasTV":"True","Alcohol":"u'full_bar'","BusinessAcceptsCreditCards":"True"},"categories":"Nightlife, Comedy Clubs","hours":null}
{"business_id":"VaNjd3jir0MKntCFya70uA","name":"Graphic Web Design","address":"6747 Spencer, Ste 1","city":"Las Vegas","state":"NV","postal_code":"89119","latitude":36.06735,"longitude":-115.1281116,"stars":5.0,"review_count":3,"is_open":1,"attributes":null,"categories":"Graphic Design, Printing Services, Web Design, Local Services, Professional Services","hours":{"Monday":"8:0-16:0","Tuesday":"8:0-16:0","Wednesday":"8:0-16:0","Thursday":"8:0-16:0","Friday":"8:0-16:0"}}
{"business_id":"wUsjANxpknTpsaTjYoo9iA","name":"Venetian Nail Spa","address":"19312 Detroit Rd","city":"Rocky River","state":"OH","postal_code":"44116","latitude":41.4817445,"longitude":-81.8361651,"stars":2.5,"review_count":52,"is_open":1,"attributes":{"BusinessAcceptsCreditCards":"True","BusinessParking":"{'garage': False, 'street': False, 'validated': False, 'lot': True, 'valet': False}","BikeParking":"True","ByAppointmentOnly":"False","RestaurantsPriceRange2":"2"},"categories":"Beauty & Spas, Nail Salons","hours":{"Monday":"10:0-20:0","Tuesday":"10:0-20:0","Wednesday":"10:0-20:0","Thursday":"10:0-20:0","Friday":"10:0-20:0","Saturday":"10:0-20:0","Sunday":"11:0-18:0"}}
{"business_id":"Kxbn0XLcCgQqmkdIkhuOeQ","name":"Not Your Mother","address":"1346 Queen Street, Unit 2","city":"Toronto","state":"ON","postal_code":"M6K 1L4","latitude":43.6417075708,"longitude":-79.432192035,"stars":4.0,"review_count":8,"is_open":1,"attributes":{"RestaurantsPriceRange2":"1","RestaurantsTakeOut":"True"},"categories":"Desserts, Ice Cream & Frozen Yogurt, Food, Restaurants, Vegan","hours":{"Monday":"12:0-23:0","Tuesday":"12:0-23:0","Wednesday":"12:0-23:0","Thursday":"12:0-23:0","Friday":"12:0-23:0","Saturday":"12:0-23:0","Sunday":"12:0-23:0"}}
{"business_id":"MvKj4_etnStgYRnXOwFSPw","name":"Glendale Care Center","address":"4704 W Diana Ave","city":"Glendale","state":"AZ","postal_code":"85302","latitude":33.5638269,"longitude":-112.1612316,"stars":1.0,"review_count":3,"is_open":1,"attributes":{"BusinessAcceptsCreditCards":"False"},"categories":"Community Service\/Non-Profit, Local Services","hours":null}
{"business_id":"iedsG4rv8SYY22kGUVDjaw","name":"Southdown Chiropractic & Wellness","address":"1494 Southdown Road","city":"Mississauga","state":"ON","postal_code":"L5J 2Z4","latitude":43.5204101,"longitude":-79.6433145,"stars":4.0,"review_count":5,"is_open":1,"attributes":null,"categories":"Chiropractors, Health & Medical","hours":{"Monday":"9:0-19:0","Tuesday":"9:0-14:0","Wednesday":"9:0-19:0","Thursday":"11:0-19:0","Saturday":"9:0-14:0"}}
{"business_id":"sKhDrZFCJqfRNylkHrIDsQ","name":"Starbucks","address":"1990 Village Center Circle, Suite 1","city":"Las Vegas","state":"NV","postal_code":"89134","latitude":36.191852,"longitude":-115.304983,"stars":4.0,"review_count":76,"is_open":1,"attributes":{"BusinessParking":"{'garage': False, 'street': False, 'validated': False, 'lot': False, 'valet': False}","RestaurantsPriceRange2":"2","RestaurantsTakeOut":"True","WiFi":"u'free'","OutdoorSeating":"True","BusinessAcceptsCreditCards":"True","BikeParking":"True","Caters":"False"},"categories":"Food, Coffee & Tea","hours":{"Monday":"4:0-20:0","Tuesday":"4:0-20:0","Wednesday":"4:0-20:0","Thursday":"4:0-20:0","Friday":"4:0-19:30","Saturday":"4:30-19:0","Sunday":"4:0-20:0"}}
{"business_id":"N2G7ySm6R-jYrHvDAV2Ndw","name":"Holiday Inn Express & Suites Pittsburgh Sw - Southpointe","address":"4000 Horizon Vue Dr","city":"Canonsburg","state":"PA","postal_code":"15317","latitude":40.2745375,"longitude":-80.1693759,"stars":5.0,"review_count":7,"is_open":1,"attributes":{"WiFi":"'free'","BusinessAcceptsCreditCards":"True","RestaurantsPriceRange2":"2"},"categories":"Hotels, Event Planning & Services, Hotels & Travel, Venues & Event Spaces","hours":{"Monday":"0:0-0:0","Tuesday":"0:0-0:0","Wednesday":"0:0-0:0","Thursday":"0:0-0:0","Friday":"0:0-0:0","Saturday":"0:0-0:0","Sunday":"0:0-0:0"}}
{"business_id":"DwsESfIDIsgQ4DTx9VNOsw","name":"Tim the Tool Man","address":"","city":"Phoenix","state":"AZ","postal_code":"85016","latitude":33.5106684,"longitude":-112.029752,"stars":5.0,"review_count":3,"is_open":1,"attributes":{"BusinessAcceptsCreditCards":"True","ByAppointmentOnly":"True"},"categories":"Home Services, Handyman, Painters, Contractors","hours":{"Monday":"8:0-16:0","Tuesday":"8:0-16:0","Wednesday":"8:0-16:0","Thursday":"8:0-16:0","Friday":"8:0-16:0"}}
{"business_id":"faixHjogPjNUo07T0RBRFw","name":"Protection 1 Security Solutions","address":"5030 S Decatur Blvd","city":"Las Vegas","state":"NV","postal_code":"89118","latitude":36.0985674,"longitude":-115.2068401,"stars":2.0,"review_count":18,"is_open":1,"attributes":{"ByAppointmentOnly":"True","BusinessAcceptsCreditCards":"True"},"categories":"Security Systems, Home Services","hours":{"Monday":"9:0-21:0","Tuesday":"9:0-21:0","Wednesday":"9:0-21:0","Thursday":"9:0-21:0","Friday":"9:0-21:0","Saturday":"10:0-19:0"}}
{"business_id":"3aUBEB206LBNLUY6rCW2sw","name":"Acupuncture with Ashlee","address":"4450 S Rural Rd, Bldg A, Ste 202","city":"Tempe","state":"AZ","postal_code":"85282","latitude":33.3832079,"longitude":-111.927103,"stars":5.0,"review_count":38,"is_open":1,"attributes":{"ByAppointmentOnly":"True","AcceptsInsurance":"False","BusinessAcceptsCreditCards":"True"},"categories":"Traditional Chinese Medicine, Health & Medical, Acupuncture","hours":{"Monday":"9:0-15:0","Tuesday":"10:0-18:0","Thursday":"10:0-17:30"}}